file_name,number_of_pages,character_count,index,company,year,Company Name
AMEX_ATRS_2012.pdf,87,344310,AMEX,ATRS,2012,"Antares Pharma, Inc."
AMEX_ATRS_2013.pdf,94,372759,AMEX,ATRS,2013,"Antares Pharma, Inc."
AMEX_ATRS_2014.pdf,95,382075,AMEX,ATRS,2014,"Antares Pharma, Inc."
NASDAQ_AAIC_2020.pdf,112,486596,NASDAQ,AAIC,2020,Arlington Asset Investment Corp.
NASDAQ_AAIC_2021.pdf,115,507554,NASDAQ,AAIC,2021,Arlington Asset Investment Corp.
NASDAQ_AAIC_2022.pdf,111,483810,NASDAQ,AAIC,2022,Arlington Asset Investment Corp.
NASDAQ_AAL_2019.pdf,229,720553,NASDAQ,AAL,2019,American Airlines Group Inc.
NASDAQ_AAL_2020.pdf,288,931511,NASDAQ,AAL,2020,American Airlines Group Inc.
NASDAQ_AAL_2021.pdf,289,973121,NASDAQ,AAL,2021,American Airlines Group Inc.
NASDAQ_AAL_2022.pdf,264,842984,NASDAQ,AAL,2022,American Airlines Group Inc.
NASDAQ_AAOI_2019.pdf,88,428023,NASDAQ,AAOI,2019,"Applied Optoelectronics, Inc."
NASDAQ_AAOI_2020.pdf,85,398184,NASDAQ,AAOI,2020,"Applied Optoelectronics, Inc."
NASDAQ_AAOI_2021.pdf,103,369152,NASDAQ,AAOI,2021,"Applied Optoelectronics, Inc."
NASDAQ_AAOI_2022.pdf,97,363056,NASDAQ,AAOI,2022,"Applied Optoelectronics, Inc."
NASDAQ_AAON_2019.pdf,108,271227,NASDAQ,AAON,2019,"Aaon, Inc."
NASDAQ_AAON_2020.pdf,104,271368,NASDAQ,AAON,2020,"Aaon, Inc."
NASDAQ_AAON_2021.pdf,124,337680,NASDAQ,AAON,2021,"Aaon, Inc."
NASDAQ_AAON_2022.pdf,116,323869,NASDAQ,AAON,2022,"Aaon, Inc."
NASDAQ_AAPL_2019.pdf,101,0,NASDAQ,AAPL,2019,Apple Inc.
NASDAQ_AAPL_2020.pdf,105,374009,NASDAQ,AAPL,2020,Apple Inc.
NASDAQ_AAPL_2021.pdf,82,294942,NASDAQ,AAPL,2021,Apple Inc.
NASDAQ_AAPL_2022.pdf,80,287638,NASDAQ,AAPL,2022,Apple Inc.
NASDAQ_ABCB_2019.pdf,198,606417,NASDAQ,ABCB,2019,Ameris Bancorp
NASDAQ_ABCB_2020.pdf,178,567481,NASDAQ,ABCB,2020,Ameris Bancorp
NASDAQ_ABCB_2021.pdf,163,539266,NASDAQ,ABCB,2021,Ameris Bancorp
NASDAQ_ABCB_2022.pdf,150,483416,NASDAQ,ABCB,2022,Ameris Bancorp
NASDAQ_ABEO_2019.pdf,111,393813,NASDAQ,ABEO,2019,Abeona Therapeutics Inc.
NASDAQ_ABEO_2020.pdf,110,423573,NASDAQ,ABEO,2020,Abeona Therapeutics Inc.
NASDAQ_ABEO_2021.pdf,164,615740,NASDAQ,ABEO,2021,Abeona Therapeutics Inc.
NASDAQ_ABEO_2022.pdf,112,485237,NASDAQ,ABEO,2022,Abeona Therapeutics Inc.
NASDAQ_ABIO_2019.pdf,90,412017,NASDAQ,ABIO,2019,"Arca Biopharma, Inc."
NASDAQ_ABIO_2020.pdf,98,439408,NASDAQ,ABIO,2020,"Arca Biopharma, Inc."
NASDAQ_ABIO_2021.pdf,96,439821,NASDAQ,ABIO,2021,"Arca Biopharma, Inc."
NASDAQ_ABIO_2022.pdf,91,412601,NASDAQ,ABIO,2022,"Arca Biopharma, Inc."
NASDAQ_ABMD_2018.pdf,118,381350,NASDAQ,ABMD,2018,"Abiomed, Inc."
NASDAQ_ABMD_2019.pdf,114,389489,NASDAQ,ABMD,2019,"Abiomed, Inc."
NASDAQ_ABMD_2020.pdf,134,418572,NASDAQ,ABMD,2020,"Abiomed, Inc."
NASDAQ_ABMD_2021.pdf,130,434469,NASDAQ,ABMD,2021,"Abiomed, Inc."
NASDAQ_ABTX_2018.pdf,117,485598,NASDAQ,ABTX,2018,"Allegiance Bancshares, Inc."
NASDAQ_ABTX_2019.pdf,124,516473,NASDAQ,ABTX,2019,"Allegiance Bancshares, Inc."
NASDAQ_ABTX_2020.pdf,138,560967,NASDAQ,ABTX,2020,"Allegiance Bancshares, Inc."
NASDAQ_ABUS_2017.pdf,206,628585,NASDAQ,ABUS,2017,Arbutus Biopharma Corporation
NASDAQ_ABUS_2018.pdf,138,482594,NASDAQ,ABUS,2018,Arbutus Biopharma Corporation
NASDAQ_ABUS_2019.pdf,113,386815,NASDAQ,ABUS,2019,Arbutus Biopharma Corporation
NASDAQ_ABUS_2020.pdf,108,370351,NASDAQ,ABUS,2020,Arbutus Biopharma Corporation
NASDAQ_ABUS_2021.pdf,197,652568,NASDAQ,ABUS,2021,Arbutus Biopharma Corporation
NASDAQ_ACAD_2018.pdf,106,400135,NASDAQ,ACAD,2018,Acadia Pharmaceuticals Inc.
NASDAQ_ACAD_2019.pdf,106,443143,NASDAQ,ACAD,2019,Acadia Pharmaceuticals Inc.
NASDAQ_ACAD_2020.pdf,118,491610,NASDAQ,ACAD,2020,Acadia Pharmaceuticals Inc.
NASDAQ_ACAD_2021.pdf,114,441464,NASDAQ,ACAD,2021,Acadia Pharmaceuticals Inc.
NASDAQ_ACER_2019.pdf,177,615838,NASDAQ,ACER,2019,Acer Therapeutics Inc.
NASDAQ_ACER_2020.pdf,165,590977,NASDAQ,ACER,2020,Acer Therapeutics Inc.
NASDAQ_ACER_2021.pdf,163,625311,NASDAQ,ACER,2021,Acer Therapeutics Inc.
NASDAQ_ACER_2022.pdf,170,702854,NASDAQ,ACER,2022,Acer Therapeutics Inc.
NASDAQ_ACET_2015.pdf,95,354652,NASDAQ,ACET,2015,"Adicet Bio, Inc."
NASDAQ_ACET_2016.pdf,97,382265,NASDAQ,ACET,2016,"Adicet Bio, Inc."
NASDAQ_ACET_2017.pdf,110,422005,NASDAQ,ACET,2017,"Adicet Bio, Inc."
NASDAQ_ACET_2018.pdf,125,501719,NASDAQ,ACET,2018,"Adicet Bio, Inc."
NASDAQ_ACGL_2017.pdf,199,879040,NASDAQ,ACGL,2017,Arch Capital Group Ltd.
NASDAQ_ACGL_2018.pdf,200,859325,NASDAQ,ACGL,2018,Arch Capital Group Ltd.
NASDAQ_ACGL_2019.pdf,200,850616,NASDAQ,ACGL,2019,Arch Capital Group Ltd.
NASDAQ_ACGL_2020.pdf,191,826840,NASDAQ,ACGL,2020,Arch Capital Group Ltd.
NASDAQ_ACGL_2021.pdf,198,867581,NASDAQ,ACGL,2021,Arch Capital Group Ltd.
NASDAQ_ACHC_2019.pdf,131,537487,NASDAQ,ACHC,2019,"Acadia Healthcare Company, Inc."
NASDAQ_ACHC_2020.pdf,116,475850,NASDAQ,ACHC,2020,"Acadia Healthcare Company, Inc."
NASDAQ_ACHC_2021.pdf,114,457635,NASDAQ,ACHC,2021,"Acadia Healthcare Company, Inc."
NASDAQ_ACHC_2022.pdf,110,438626,NASDAQ,ACHC,2022,"Acadia Healthcare Company, Inc."
NASDAQ_ACHN_2015.pdf,133,467594,NASDAQ,ACHN,2015,"Achillion Pharmaceuticals, Inc."
NASDAQ_ACHN_2016.pdf,138,488211,NASDAQ,ACHN,2016,"Achillion Pharmaceuticals, Inc."
NASDAQ_ACHN_2017.pdf,144,506700,NASDAQ,ACHN,2017,"Achillion Pharmaceuticals, Inc."
NASDAQ_ACHN_2018.pdf,144,540770,NASDAQ,ACHN,2018,"Achillion Pharmaceuticals, Inc."
NASDAQ_ACHV_2017.pdf,177,640025,NASDAQ,ACHV,2017,"Achieve Life Sciences, Inc."
NASDAQ_ACHV_2018.pdf,145,573341,NASDAQ,ACHV,2018,"Achieve Life Sciences, Inc."
NASDAQ_ACHV_2019.pdf,111,437319,NASDAQ,ACHV,2019,"Achieve Life Sciences, Inc."
NASDAQ_ACHV_2020.pdf,102,400176,NASDAQ,ACHV,2020,"Achieve Life Sciences, Inc."
NASDAQ_ACHV_2021.pdf,108,442682,NASDAQ,ACHV,2021,"Achieve Life Sciences, Inc."
NASDAQ_ACIA_2016.pdf,102,396211,NASDAQ,ACIA,2016,"Acacia Communications, Inc."
NASDAQ_ACIA_2017.pdf,108,408855,NASDAQ,ACIA,2017,"Acacia Communications, Inc."
NASDAQ_ACIA_2019.pdf,118,458592,NASDAQ,ACIA,2019,"Acacia Communications, Inc."
NASDAQ_ACIU_2018.pdf,307,1040433,NASDAQ,ACIU,2018,Ac Immune Sa
NASDAQ_ACIU_2019.pdf,208,778562,NASDAQ,ACIU,2019,Ac Immune Sa
NASDAQ_ACIU_2020.pdf,246,909756,NASDAQ,ACIU,2020,Ac Immune Sa
NASDAQ_ACIU_2021.pdf,82,215539,NASDAQ,ACIU,2021,Ac Immune Sa
NASDAQ_ACIU_2022.pdf,61,295772,NASDAQ,ACIU,2022,Ac Immune Sa
NASDAQ_ACIW_2019.pdf,100,371595,NASDAQ,ACIW,2019,"Aci Worldwide, Inc."
NASDAQ_ACIW_2020.pdf,101,355163,NASDAQ,ACIW,2020,"Aci Worldwide, Inc."
NASDAQ_ACIW_2021.pdf,93,323256,NASDAQ,ACIW,2021,"Aci Worldwide, Inc."
NASDAQ_ACIW_2022.pdf,90,321126,NASDAQ,ACIW,2022,"Aci Worldwide, Inc."
NASDAQ_ACMR_2017.pdf,117,450212,NASDAQ,ACMR,2017,"Acm Research, Inc."
NASDAQ_ACMR_2018.pdf,105,383993,NASDAQ,ACMR,2018,"Acm Research, Inc."
NASDAQ_ACMR_2019.pdf,118,425703,NASDAQ,ACMR,2019,"Acm Research, Inc."
NASDAQ_ACMR_2020.pdf,127,511452,NASDAQ,ACMR,2020,"Acm Research, Inc."
NASDAQ_ACMR_2021.pdf,160,625214,NASDAQ,ACMR,2021,"Acm Research, Inc."
NASDAQ_ACNB_2017.PDF,16,35956,NASDAQ,ACNB,2017,Acnb Corporation
NASDAQ_ACNB_2018.PDF,11,34684,NASDAQ,ACNB,2018,Acnb Corporation
NASDAQ_ACNB_2019.pdf,11,35640,NASDAQ,ACNB,2019,Acnb Corporation
NASDAQ_ACNB_2020.pdf,11,36823,NASDAQ,ACNB,2020,Acnb Corporation
NASDAQ_ACNB_2021.pdf,137,456650,NASDAQ,ACNB,2021,Acnb Corporation
NASDAQ_ACOR_2019.pdf,4,16082,NASDAQ,ACOR,2019,"Acorda Therapeutics, Inc."
NASDAQ_ACOR_2020.pdf,3,8352,NASDAQ,ACOR,2020,"Acorda Therapeutics, Inc."
NASDAQ_ACOR_2021.pdf,4,0,NASDAQ,ACOR,2021,"Acorda Therapeutics, Inc."
NASDAQ_ACOR_2022.pdf,257,975529,NASDAQ,ACOR,2022,"Acorda Therapeutics, Inc."
NASDAQ_ACRS_2017.pdf,132,519864,NASDAQ,ACRS,2017,"Aclaris Therapeutics, Inc."
NASDAQ_ACRS_2018.pdf,242,871378,NASDAQ,ACRS,2018,"Aclaris Therapeutics, Inc."
NASDAQ_ACRS_2019.pdf,156,607123,NASDAQ,ACRS,2019,"Aclaris Therapeutics, Inc."
NASDAQ_ACRS_2020.pdf,150,589599,NASDAQ,ACRS,2020,"Aclaris Therapeutics, Inc."
NASDAQ_ACRS_2021.pdf,173,654374,NASDAQ,ACRS,2021,"Aclaris Therapeutics, Inc."
NASDAQ_ACRX_2017.pdf,125,565919,NASDAQ,ACRX,2017,Acerinox
NASDAQ_ACRX_2018.pdf,144,622735,NASDAQ,ACRX,2018,Acerinox
NASDAQ_ACRX_2019.pdf,129,547135,NASDAQ,ACRX,2019,Acerinox
NASDAQ_ACRX_2020.pdf,122,534516,NASDAQ,ACRX,2020,Acerinox
NASDAQ_ACRX_2021.pdf,134,580270,NASDAQ,ACRX,2021,Acerinox
NASDAQ_ACTG_2019.pdf,134,515584,NASDAQ,ACTG,2019,Acacia Research Corporation
NASDAQ_ACTG_2020.pdf,92,320408,NASDAQ,ACTG,2020,Acacia Research Corporation
NASDAQ_ACTG_2021.pdf,110,384510,NASDAQ,ACTG,2021,Acacia Research Corporation
NASDAQ_ACTG_2022.pdf,129,483334,NASDAQ,ACTG,2022,Acacia Research Corporation
NASDAQ_ACUR_2017.pdf,184,675814,NASDAQ,ACUR,2017,"Acura Pharmaceuticals, Inc."
NASDAQ_ACUR_2018.pdf,145,563065,NASDAQ,ACUR,2018,"Acura Pharmaceuticals, Inc."
NASDAQ_ACUR_2019.pdf,172,634347,NASDAQ,ACUR,2019,"Acura Pharmaceuticals, Inc."
NASDAQ_ACUR_2020.pdf,94,375924,NASDAQ,ACUR,2020,"Acura Pharmaceuticals, Inc."
NASDAQ_ACXM_2014.pdf,104,344202,NASDAQ,ACXM,2014,"Acxiom Holdings, Inc."
NASDAQ_ACXM_2015.pdf,108,366310,NASDAQ,ACXM,2015,"Acxiom Holdings, Inc."
NASDAQ_ACXM_2016.pdf,104,358341,NASDAQ,ACXM,2016,"Acxiom Holdings, Inc."
NASDAQ_ACXM_2017.pdf,116,384927,NASDAQ,ACXM,2017,"Acxiom Holdings, Inc."
NASDAQ_ACXM_2018.pdf,116,353324,NASDAQ,ACXM,2018,"Acxiom Holdings, Inc."
NASDAQ_ADAP_2017.pdf,93,277299,NASDAQ,ADAP,2017,Adaptimmune Therapeutics Plc
NASDAQ_ADAP_2018.pdf,100,274402,NASDAQ,ADAP,2018,Adaptimmune Therapeutics Plc
NASDAQ_ADAP_2019.pdf,455,1268344,NASDAQ,ADAP,2019,Adaptimmune Therapeutics Plc
NASDAQ_ADAP_2020.pdf,153,535258,NASDAQ,ADAP,2020,Adaptimmune Therapeutics Plc
NASDAQ_ADAP_2021.pdf,160,563289,NASDAQ,ADAP,2021,Adaptimmune Therapeutics Plc
NASDAQ_ADBE_2019.pdf,113,432764,NASDAQ,ADBE,2019,Adobe Inc.
NASDAQ_ADES_2017.pdf,140,489467,NASDAQ,ADES,2017,"Advanced Emissions Solutions, Inc."
NASDAQ_ADES_2018.pdf,127,426886,NASDAQ,ADES,2018,"Advanced Emissions Solutions, Inc."
NASDAQ_ADES_2019.pdf,133,406712,NASDAQ,ADES,2019,"Advanced Emissions Solutions, Inc."
NASDAQ_ADES_2020.pdf,136,429213,NASDAQ,ADES,2020,"Advanced Emissions Solutions, Inc."
NASDAQ_ADES_2021.pdf,130,405802,NASDAQ,ADES,2021,"Advanced Emissions Solutions, Inc."
NASDAQ_ADIL_2018.pdf,131,578504,NASDAQ,ADIL,2018,"Adial Pharmaceuticals, Inc."
NASDAQ_ADIL_2019.pdf,138,598634,NASDAQ,ADIL,2019,"Adial Pharmaceuticals, Inc."
NASDAQ_ADIL_2020.pdf,148,602673,NASDAQ,ADIL,2020,"Adial Pharmaceuticals, Inc."
NASDAQ_ADIL_2021.pdf,187,717714,NASDAQ,ADIL,2021,"Adial Pharmaceuticals, Inc."
NASDAQ_ADI_2018.pdf,114,444387,NASDAQ,ADI,2018,"Analog Devices, Inc."
NASDAQ_ADI_2019.pdf,118,392589,NASDAQ,ADI,2019,"Analog Devices, Inc."
NASDAQ_ADI_2020.pdf,112,413260,NASDAQ,ADI,2020,"Analog Devices, Inc."
NASDAQ_ADI_2021.pdf,112,411457,NASDAQ,ADI,2021,"Analog Devices, Inc."
NASDAQ_ADMA_2017.pdf,108,457883,NASDAQ,ADMA,2017,"Adma Biologics, Inc."
NASDAQ_ADMA_2018.pdf,112,491623,NASDAQ,ADMA,2018,"Adma Biologics, Inc."
NASDAQ_ADMA_2019.pdf,104,441881,NASDAQ,ADMA,2019,"Adma Biologics, Inc."
NASDAQ_ADMA_2020.pdf,116,500765,NASDAQ,ADMA,2020,"Adma Biologics, Inc."
NASDAQ_ADMA_2021.pdf,126,580696,NASDAQ,ADMA,2021,"Adma Biologics, Inc."
NASDAQ_ADMP_2019.pdf,127,518149,NASDAQ,ADMP,2019,Adamis Pharmaceuticals Corporation
NASDAQ_ADMP_2020.pdf,190,659269,NASDAQ,ADMP,2020,Adamis Pharmaceuticals Corporation
NASDAQ_ADMP_2021.pdf,130,532565,NASDAQ,ADMP,2021,Adamis Pharmaceuticals Corporation
NASDAQ_ADMP_2022.pdf,101,463855,NASDAQ,ADMP,2022,Adamis Pharmaceuticals Corporation
NASDAQ_ADMS_2015.pdf,112,445220,NASDAQ,ADMS,2015,"Adamas Pharmaceuticals, Inc."
NASDAQ_ADMS_2016.pdf,112,436938,NASDAQ,ADMS,2016,"Adamas Pharmaceuticals, Inc."
NASDAQ_ADMS_2017.PDF,124,475913,NASDAQ,ADMS,2017,"Adamas Pharmaceuticals, Inc."
NASDAQ_ADMS_2018.pdf,116,451972,NASDAQ,ADMS,2018,"Adamas Pharmaceuticals, Inc."
NASDAQ_ADMS_2019.pdf,108,422118,NASDAQ,ADMS,2019,"Adamas Pharmaceuticals, Inc."
NASDAQ_ADPT_2019.pdf,142,619281,NASDAQ,ADPT,2019,Adaptive Biotechnologies Corporation
NASDAQ_ADPT_2020.pdf,186,739416,NASDAQ,ADPT,2020,Adaptive Biotechnologies Corporation
NASDAQ_ADPT_2021.pdf,148,615957,NASDAQ,ADPT,2021,Adaptive Biotechnologies Corporation
NASDAQ_ADRO_2016.pdf,144,624389,NASDAQ,ADRO,2016,Adroit Infotech Ltd
NASDAQ_ADRO_2017.pdf,136,570427,NASDAQ,ADRO,2017,Adroit Infotech Ltd
NASDAQ_ADRO_2018.pdf,201,734235,NASDAQ,ADRO,2018,Adroit Infotech Ltd
NASDAQ_ADRO_2019.pdf,147,581425,NASDAQ,ADRO,2019,Adroit Infotech Ltd
NASDAQ_ADTN_2019.pdf,88,232602,NASDAQ,ADTN,2019,"Adtran Holdings, Inc."
NASDAQ_ADTN_2020.pdf,125,422020,NASDAQ,ADTN,2020,"Adtran Holdings, Inc."
NASDAQ_ADTN_2021.pdf,136,489873,NASDAQ,ADTN,2021,"Adtran Holdings, Inc."
NASDAQ_ADTN_2022.pdf,202,732137,NASDAQ,ADTN,2022,"Adtran Holdings, Inc."
NASDAQ_ADUS_2019.pdf,183,725706,NASDAQ,ADUS,2019,Addus Homecare Corporation
NASDAQ_ADUS_2020.pdf,200,732840,NASDAQ,ADUS,2020,Addus Homecare Corporation
NASDAQ_ADUS_2021.pdf,113,462541,NASDAQ,ADUS,2021,Addus Homecare Corporation
NASDAQ_ADUS_2022.pdf,101,402564,NASDAQ,ADUS,2022,Addus Homecare Corporation
NASDAQ_ADVM_2019.pdf,106,464010,NASDAQ,ADVM,2019,"Adverum Biotechnologies, Inc."
NASDAQ_ADVM_2020.pdf,126,536216,NASDAQ,ADVM,2020,"Adverum Biotechnologies, Inc."
NASDAQ_ADVM_2021.pdf,109,496306,NASDAQ,ADVM,2021,"Adverum Biotechnologies, Inc."
NASDAQ_ADVM_2022.pdf,135,575561,NASDAQ,ADVM,2022,"Adverum Biotechnologies, Inc."
NASDAQ_ADXS_2018.pdf,123,340874,NASDAQ,ADXS,2018,"Ayala Pharmaceuticals, Inc."
NASDAQ_ADXS_2019.pdf,86,376980,NASDAQ,ADXS,2019,"Ayala Pharmaceuticals, Inc."
NASDAQ_ADXS_2020.pdf,102,432714,NASDAQ,ADXS,2020,"Ayala Pharmaceuticals, Inc."
NASDAQ_ADXS_2021.pdf,121,473566,NASDAQ,ADXS,2021,"Ayala Pharmaceuticals, Inc."
NASDAQ_AEGN_2016.pdf,135,533421,NASDAQ,AEGN,2016,Aegion Corporation
NASDAQ_AEGN_2017.pdf,129,543619,NASDAQ,AEGN,2017,Aegion Corporation
NASDAQ_AEGN_2018.pdf,131,528116,NASDAQ,AEGN,2018,Aegion Corporation
NASDAQ_AEGN_2019.pdf,141,561885,NASDAQ,AEGN,2019,Aegion Corporation
NASDAQ_AEHR_2017.pdf,84,319200,NASDAQ,AEHR,2017,Aehr Test Systems
NASDAQ_AEHR_2018.pdf,72,258847,NASDAQ,AEHR,2018,Aehr Test Systems
NASDAQ_AEHR_2019.pdf,84,320032,NASDAQ,AEHR,2019,Aehr Test Systems
NASDAQ_AEHR_2020.pdf,76,283263,NASDAQ,AEHR,2020,Aehr Test Systems
NASDAQ_AEHR_2021.pdf,76,287904,NASDAQ,AEHR,2021,Aehr Test Systems
NASDAQ_AEIS_2017.pdf,87,303957,NASDAQ,AEIS,2017,"Advanced Energy Industries, Inc."
NASDAQ_AEIS_2018.pdf,112,341045,NASDAQ,AEIS,2018,"Advanced Energy Industries, Inc."
NASDAQ_AEIS_2019.pdf,112,418923,NASDAQ,AEIS,2019,"Advanced Energy Industries, Inc."
NASDAQ_AEIS_2020.pdf,97,363666,NASDAQ,AEIS,2020,"Advanced Energy Industries, Inc."
NASDAQ_AEIS_2021.pdf,186,609362,NASDAQ,AEIS,2021,"Advanced Energy Industries, Inc."
NASDAQ_AEMD_2017.pdf,195,650715,NASDAQ,AEMD,2017,"Aethlon Medical, Inc."
NASDAQ_AEMD_2018.pdf,115,416509,NASDAQ,AEMD,2018,"Aethlon Medical, Inc."
NASDAQ_AEMD_2019.pdf,116,398183,NASDAQ,AEMD,2019,"Aethlon Medical, Inc."
NASDAQ_AEMD_2020.pdf,93,364329,NASDAQ,AEMD,2020,"Aethlon Medical, Inc."
NASDAQ_AEMD_2021.pdf,103,365220,NASDAQ,AEMD,2021,"Aethlon Medical, Inc."
NASDAQ_AERI_2018.PDF,136,568569,NASDAQ,AERI,2018,"Aerie Pharmaceuticals, Inc."
NASDAQ_AERI_2019.pdf,162,678864,NASDAQ,AERI,2019,"Aerie Pharmaceuticals, Inc."
NASDAQ_AERI_2020.pdf,233,896098,NASDAQ,AERI,2020,"Aerie Pharmaceuticals, Inc."
NASDAQ_AERI_2021.pdf,139,613944,NASDAQ,AERI,2021,"Aerie Pharmaceuticals, Inc."
NASDAQ_AER_2018.pdf,192,605637,NASDAQ,AER,2018,Aercap Holdings N.V.
NASDAQ_AER_2019.pdf,159,0,NASDAQ,AER,2019,Aercap Holdings N.V.
NASDAQ_AER_2020.pdf,149,513263,NASDAQ,AER,2020,Aercap Holdings N.V.
NASDAQ_AER_2021.pdf,181,622196,NASDAQ,AER,2021,Aercap Holdings N.V.
NASDAQ_AER_2022.pdf,170,598875,NASDAQ,AER,2022,Aercap Holdings N.V.
NASDAQ_AESE_2017.pdf,69,283690,NASDAQ,AESE,2017,"Allied Esports Entertainment, Inc."
NASDAQ_AESE_2018.pdf,83,304888,NASDAQ,AESE,2018,"Allied Esports Entertainment, Inc."
NASDAQ_AESE_2019.pdf,140,502292,NASDAQ,AESE,2019,"Allied Esports Entertainment, Inc."
NASDAQ_AESE_2020.pdf,113,619440,NASDAQ,AESE,2020,"Allied Esports Entertainment, Inc."
NASDAQ_AFMD_2017.pdf,102,289826,NASDAQ,AFMD,2017,Affimed N.V.
NASDAQ_AFMD_2018.pdf,103,285539,NASDAQ,AFMD,2018,Affimed N.V.
NASDAQ_AFMD_2019.pdf,115,284029,NASDAQ,AFMD,2019,Affimed N.V.
NASDAQ_AFMD_2020.pdf,111,306303,NASDAQ,AFMD,2020,Affimed N.V.
NASDAQ_AFMD_2021.pdf,111,316273,NASDAQ,AFMD,2021,Affimed N.V.
NASDAQ_AFYA_2019.pdf,244,805622,NASDAQ,AFYA,2019,Afya Limited
NASDAQ_AFYA_2020.pdf,156,964830,NASDAQ,AFYA,2020,Afya Limited
NASDAQ_AGEN_2019.pdf,171,703178,NASDAQ,AGEN,2019,Agenus Inc.
NASDAQ_AGEN_2020.pdf,140,637887,NASDAQ,AGEN,2020,Agenus Inc.
NASDAQ_AGEN_2021.pdf,144,631549,NASDAQ,AGEN,2021,Agenus Inc.
NASDAQ_AGEN_2022.pdf,138,602210,NASDAQ,AGEN,2022,Agenus Inc.
NASDAQ_AGFS_2018.pdf,57,342155,NASDAQ,AGFS,2018,"Agrofresh Solutions, Inc."
NASDAQ_AGFS_2019.pdf,108,14036,NASDAQ,AGFS,2019,"Agrofresh Solutions, Inc."
NASDAQ_AGFS_2020.pdf,12,17978,NASDAQ,AGFS,2020,"Agrofresh Solutions, Inc."
NASDAQ_AGII_2016.pdf,14,60006,NASDAQ,AGII,2016,Agiiplus Inc
NASDAQ_AGII_2017.pdf,16,65291,NASDAQ,AGII,2017,Agiiplus Inc
NASDAQ_AGII_2020.pdf,243,830050,NASDAQ,AGII,2020,Agiiplus Inc
NASDAQ_AGIO_2017.PDF,132,584463,NASDAQ,AGIO,2017,"Agios Pharmaceuticals, Inc."
NASDAQ_AGIO_2018.pdf,138,569029,NASDAQ,AGIO,2018,"Agios Pharmaceuticals, Inc."
NASDAQ_AGIO_2019.pdf,141,610453,NASDAQ,AGIO,2019,"Agios Pharmaceuticals, Inc."
NASDAQ_AGIO_2020.pdf,146,652696,NASDAQ,AGIO,2020,"Agios Pharmaceuticals, Inc."
NASDAQ_AGIO_2021.pdf,125,531264,NASDAQ,AGIO,2021,"Agios Pharmaceuticals, Inc."
NASDAQ_AGLE_2017.pdf,110,476704,NASDAQ,AGLE,2017,"Aeglea Biotherapeutics, Inc."
NASDAQ_AGLE_2018.pdf,113,480102,NASDAQ,AGLE,2018,"Aeglea Biotherapeutics, Inc."
NASDAQ_AGLE_2019.pdf,108,469963,NASDAQ,AGLE,2019,"Aeglea Biotherapeutics, Inc."
NASDAQ_AGLE_2020.pdf,140,567557,NASDAQ,AGLE,2020,"Aeglea Biotherapeutics, Inc."
NASDAQ_AGLE_2021.pdf,120,522449,NASDAQ,AGLE,2021,"Aeglea Biotherapeutics, Inc."
NASDAQ_AGMH_2017.pdf,127,416028,NASDAQ,AGMH,2017,Agm Group Holdings Inc.
NASDAQ_AGMH_2018.pdf,118,423489,NASDAQ,AGMH,2018,Agm Group Holdings Inc.
NASDAQ_AGMH_2019.pdf,130,463956,NASDAQ,AGMH,2019,Agm Group Holdings Inc.
NASDAQ_AGMH_2020.pdf,115,412375,NASDAQ,AGMH,2020,Agm Group Holdings Inc.
NASDAQ_AGNC_2019.pdf,100,352182,NASDAQ,AGNC,2019,Agnc Investment Corp.
NASDAQ_AGNC_2020.pdf,97,411886,NASDAQ,AGNC,2020,Agnc Investment Corp.
NASDAQ_AGNC_2021.pdf,92,394128,NASDAQ,AGNC,2021,Agnc Investment Corp.
NASDAQ_AGNC_2022.pdf,111,422568,NASDAQ,AGNC,2022,Agnc Investment Corp.
NASDAQ_AGRX_2018.pdf,159,561433,NASDAQ,AGRX,2018,"Agile Therapeutics, Inc."
NASDAQ_AGRX_2019.pdf,140,476635,NASDAQ,AGRX,2019,"Agile Therapeutics, Inc."
NASDAQ_AGRX_2020.pdf,214,677890,NASDAQ,AGRX,2020,"Agile Therapeutics, Inc."
NASDAQ_AGRX_2021.pdf,116,453521,NASDAQ,AGRX,2021,"Agile Therapeutics, Inc."
NASDAQ_AGTC_2018.pdf,310,1210595,NASDAQ,AGTC,2018,Applied Genetic Technologies Corporation
NASDAQ_AGTC_2019.pdf,207,700041,NASDAQ,AGTC,2019,Applied Genetic Technologies Corporation
NASDAQ_AGTC_2020.pdf,177,630515,NASDAQ,AGTC,2020,Applied Genetic Technologies Corporation
NASDAQ_AGTC_2021.pdf,255,839011,NASDAQ,AGTC,2021,Applied Genetic Technologies Corporation
NASDAQ_AGYS_2019.pdf,71,234182,NASDAQ,AGYS,2019,"Agilysys, Inc."
NASDAQ_AGYS_2020.pdf,69,266212,NASDAQ,AGYS,2020,"Agilysys, Inc."
NASDAQ_AGYS_2021.pdf,67,245136,NASDAQ,AGYS,2021,"Agilysys, Inc."
NASDAQ_AGYS_2022.pdf,78,267663,NASDAQ,AGYS,2022,"Agilysys, Inc."
NASDAQ_AHCO_2018.pdf,74,377697,NASDAQ,AHCO,2018,Adapthealth Corp.
NASDAQ_AHCO_2019.pdf,178,650381,NASDAQ,AHCO,2019,Adapthealth Corp.
NASDAQ_AHCO_2020.pdf,140,537792,NASDAQ,AHCO,2020,Adapthealth Corp.
NASDAQ_AHCO_2021.pdf,157,617005,NASDAQ,AHCO,2021,Adapthealth Corp.
NASDAQ_AHPI_2017.pdf,59,171602,NASDAQ,AHPI,2017," Allied Healthcare Products, Inc"
NASDAQ_AHPI_2018.pdf,55,172493,NASDAQ,AHPI,2018," Allied Healthcare Products, Inc"
NASDAQ_AHPI_2019.pdf,55,169776,NASDAQ,AHPI,2019," Allied Healthcare Products, Inc"
NASDAQ_AHPI_2020.pdf,66,209910,NASDAQ,AHPI,2020," Allied Healthcare Products, Inc"
NASDAQ_AHPI_2021.pdf,56,190467,NASDAQ,AHPI,2021," Allied Healthcare Products, Inc"
NASDAQ_AIMC_2018.pdf,100,393935,NASDAQ,AIMC,2018,Aimco Pesticides Ltd.
NASDAQ_AIMC_2019.pdf,96,370009,NASDAQ,AIMC,2019,Aimco Pesticides Ltd.
NASDAQ_AIMC_2020.pdf,92,341699,NASDAQ,AIMC,2020,Aimco Pesticides Ltd.
NASDAQ_AIMC_2021.pdf,92,344072,NASDAQ,AIMC,2021,Aimco Pesticides Ltd.
NASDAQ_AIMT_2015.PDF,164,530693,NASDAQ,AIMT,2015,"Aimmune Therapeutics, Inc."
NASDAQ_AIMT_2016.pdf,176,595451,NASDAQ,AIMT,2016,"Aimmune Therapeutics, Inc."
NASDAQ_AIMT_2017.pdf,196,657746,NASDAQ,AIMT,2017,"Aimmune Therapeutics, Inc."
NASDAQ_AIMT_2018.pdf,168,729769,NASDAQ,AIMT,2018,"Aimmune Therapeutics, Inc."
NASDAQ_AINV_2019.pdf,160,554776,NASDAQ,AINV,2019," Apollo  Investment Management, L.P."
NASDAQ_AINV_2020.pdf,220,746911,NASDAQ,AINV,2020," Apollo  Investment Management, L.P."
NASDAQ_AINV_2021.pdf,202,654756,NASDAQ,AINV,2021," Apollo  Investment Management, L.P."
NASDAQ_AINV_2022.pdf,176,657888,NASDAQ,AINV,2022," Apollo  Investment Management, L.P."
NASDAQ_AIRT_2017.pdf,92,369803,NASDAQ,AIRT,2017,"Air T, Inc."
NASDAQ_AIRT_2018.pdf,100,399166,NASDAQ,AIRT,2018,"Air T, Inc."
NASDAQ_AIRT_2019.pdf,84,311091,NASDAQ,AIRT,2019,"Air T, Inc."
NASDAQ_AIRT_2020.pdf,93,303388,NASDAQ,AIRT,2020,"Air T, Inc."
NASDAQ_AIRT_2021.pdf,83,303054,NASDAQ,AIRT,2021,"Air T, Inc."
NASDAQ_AKAM_2019.pdf,100,343378,NASDAQ,AKAM,2019,"Akamai Technologies, Inc."
NASDAQ_AKAM_2020.pdf,100,361999,NASDAQ,AKAM,2020,"Akamai Technologies, Inc."
NASDAQ_AKAM_2021.pdf,108,330287,NASDAQ,AKAM,2021,"Akamai Technologies, Inc."
NASDAQ_AKAM_2022.pdf,108,384857,NASDAQ,AKAM,2022,"Akamai Technologies, Inc."
NASDAQ_AKBA_2019.pdf,188,898669,NASDAQ,AKBA,2019,"Akebia Therapeutics, Inc."
NASDAQ_AKBA_2020.pdf,229,1025907,NASDAQ,AKBA,2020,"Akebia Therapeutics, Inc."
NASDAQ_AKBA_2021.pdf,392,1548556,NASDAQ,AKBA,2021,"Akebia Therapeutics, Inc."
NASDAQ_AKBA_2022.pdf,249,1134288,NASDAQ,AKBA,2022,"Akebia Therapeutics, Inc."
NASDAQ_AKCA_2017.pdf,139,574215,NASDAQ,AKCA,2017,A.K.Capital Services Ltd.
NASDAQ_AKCA_2018.pdf,167,714997,NASDAQ,AKCA,2018,A.K.Capital Services Ltd.
NASDAQ_AKER_2016.pdf,112,365229,NASDAQ,AKER,2016,"Akers Biosciences, Inc."
NASDAQ_AKER_2017.pdf,123,394532,NASDAQ,AKER,2017,"Akers Biosciences, Inc."
NASDAQ_AKER_2018.pdf,99,323832,NASDAQ,AKER,2018,"Akers Biosciences, Inc."
NASDAQ_AKER_2019.pdf,146,412736,NASDAQ,AKER,2019,"Akers Biosciences, Inc."
NASDAQ_AKRO_2019.pdf,262,899607,NASDAQ,AKRO,2019,"Akero Therapeutics, Inc."
NASDAQ_AKRO_2020.pdf,147,562987,NASDAQ,AKRO,2020,"Akero Therapeutics, Inc."
NASDAQ_AKRO_2021.pdf,158,615941,NASDAQ,AKRO,2021,"Akero Therapeutics, Inc."
NASDAQ_AKRX_2015.pdf,318,1021631,NASDAQ,AKRX,2015,"Akorn, Inc."
NASDAQ_AKRX_2016.pdf,98,355426,NASDAQ,AKRX,2016,"Akorn, Inc."
NASDAQ_AKRX_2017.pdf,124,467874,NASDAQ,AKRX,2017,"Akorn, Inc."
NASDAQ_AKRX_2018.pdf,102,365346,NASDAQ,AKRX,2018,"Akorn, Inc."
NASDAQ_AKTS_2017.pdf,99,330791,NASDAQ,AKTS,2017,"Akoustis Technologies, Inc."
NASDAQ_AKTS_2018.pdf,91,308451,NASDAQ,AKTS,2018,"Akoustis Technologies, Inc."
NASDAQ_AKTS_2019.pdf,137,500984,NASDAQ,AKTS,2019,"Akoustis Technologies, Inc."
NASDAQ_AKTS_2020.pdf,96,322142,NASDAQ,AKTS,2020,"Akoustis Technologies, Inc."
NASDAQ_AKTS_2021.pdf,55,304402,NASDAQ,AKTS,2021,"Akoustis Technologies, Inc."
NASDAQ_AKTX_2017.pdf,44,0,NASDAQ,AKTX,2017,"Akari Therapeutics, Plc"
NASDAQ_AKTX_2018.pdf,45,126969,NASDAQ,AKTX,2018,"Akari Therapeutics, Plc"
NASDAQ_AKTX_2019.pdf,49,137566,NASDAQ,AKTX,2019,"Akari Therapeutics, Plc"
NASDAQ_AKTX_2020.pdf,58,147518,NASDAQ,AKTX,2020,"Akari Therapeutics, Plc"
NASDAQ_AKTX_2021.pdf,57,143702,NASDAQ,AKTX,2021,"Akari Therapeutics, Plc"
NASDAQ_ALBO_2019.pdf,144,536234,NASDAQ,ALBO,2019,"Albireo Pharma, Inc. "
NASDAQ_ALBO_2020.pdf,139,537737,NASDAQ,ALBO,2020,"Albireo Pharma, Inc. "
NASDAQ_ALCO_2019.pdf,136,429423,NASDAQ,ALCO,2019,"Alico, Inc."
NASDAQ_ALCO_2020.pdf,126,447273,NASDAQ,ALCO,2020,"Alico, Inc."
NASDAQ_ALCO_2021.pdf,177,589102,NASDAQ,ALCO,2021,"Alico, Inc."
NASDAQ_ALCO_2022.pdf,262,772611,NASDAQ,ALCO,2022,"Alico, Inc."
NASDAQ_ALDR_2015.pdf,112,408590,NASDAQ,ALDR,2015,"Alder Biopharmaceuticals, Inc."
NASDAQ_ALDR_2016.pdf,125,467096,NASDAQ,ALDR,2016,"Alder Biopharmaceuticals, Inc."
NASDAQ_ALDR_2017.pdf,139,541237,NASDAQ,ALDR,2017,"Alder Biopharmaceuticals, Inc."
NASDAQ_ALDR_2018.pdf,285,862797,NASDAQ,ALDR,2018,"Alder Biopharmaceuticals, Inc."
NASDAQ_ALDX_2017.pdf,115,393479,NASDAQ,ALDX,2017,"Aldeyra Therapeutics, Inc."
NASDAQ_ALDX_2018.pdf,116,427289,NASDAQ,ALDX,2018,"Aldeyra Therapeutics, Inc."
NASDAQ_ALDX_2019.pdf,151,511351,NASDAQ,ALDX,2019,"Aldeyra Therapeutics, Inc."
NASDAQ_ALDX_2020.pdf,125,465580,NASDAQ,ALDX,2020,"Aldeyra Therapeutics, Inc."
NASDAQ_ALDX_2021.pdf,142,511297,NASDAQ,ALDX,2021,"Aldeyra Therapeutics, Inc."
NASDAQ_ALEC_2018.pdf,143,506694,NASDAQ,ALEC,2018,"Alector, Inc."
NASDAQ_ALEC_2019.pdf,159,556069,NASDAQ,ALEC,2019,"Alector, Inc."
NASDAQ_ALEC_2020.pdf,152,544132,NASDAQ,ALEC,2020,"Alector, Inc."
NASDAQ_ALEC_2021.pdf,162,593441,NASDAQ,ALEC,2021,"Alector, Inc."
NASDAQ_ALGN_2019.pdf,128,641006,NASDAQ,ALGN,2019,"Align Technology, Inc."
NASDAQ_ALGN_2020.pdf,147,541869,NASDAQ,ALGN,2020,"Align Technology, Inc."
NASDAQ_ALGN_2021.pdf,123,491170,NASDAQ,ALGN,2021,"Align Technology, Inc."
NASDAQ_ALGN_2022.pdf,284,988607,NASDAQ,ALGN,2022,"Align Technology, Inc."
NASDAQ_ALGT_2019.pdf,95,287256,NASDAQ,ALGT,2019,Allegiant Travel Company
NASDAQ_ALGT_2020.pdf,108,330650,NASDAQ,ALGT,2020,Allegiant Travel Company
NASDAQ_ALGT_2021.pdf,99,296475,NASDAQ,ALGT,2021,Allegiant Travel Company
NASDAQ_ALGT_2022.pdf,150,485710,NASDAQ,ALGT,2022,Allegiant Travel Company
NASDAQ_ALIM_2019.pdf,213,643968,NASDAQ,ALIM,2019,"Alimera Sciences, Inc."
NASDAQ_ALIM_2020.pdf,100,434141,NASDAQ,ALIM,2020,"Alimera Sciences, Inc."
NASDAQ_ALIM_2021.pdf,101,426480,NASDAQ,ALIM,2021,"Alimera Sciences, Inc."
NASDAQ_ALIM_2022.pdf,111,474705,NASDAQ,ALIM,2022,"Alimera Sciences, Inc."
NASDAQ_ALJJ_2022.pdf,75,262239,NASDAQ,ALJJ,2022,"Alj Regional Holdings, Inc."
NASDAQ_ALKS_2018.pdf,136,565788,NASDAQ,ALKS,2018,Alkermes Plc
NASDAQ_ALKS_2019.pdf,139,602023,NASDAQ,ALKS,2019,Alkermes Plc
NASDAQ_ALKS_2020.pdf,135,596253,NASDAQ,ALKS,2020,Alkermes Plc
NASDAQ_ALKS_2021.pdf,146,640686,NASDAQ,ALKS,2021,Alkermes Plc
NASDAQ_ALLK_2018.pdf,124,463640,NASDAQ,ALLK,2018,Allakos Inc.
NASDAQ_ALLK_2019.pdf,204,690908,NASDAQ,ALLK,2019,Allakos Inc.
NASDAQ_ALLK_2020.pdf,173,584208,NASDAQ,ALLK,2020,Allakos Inc.
NASDAQ_ALLK_2021.pdf,162,544719,NASDAQ,ALLK,2021,Allakos Inc.
NASDAQ_ALLO_2018.pdf,275,1129638,NASDAQ,ALLO,2018,"Allogene Therapeutics, Inc."
NASDAQ_ALLO_2019.pdf,208,796213,NASDAQ,ALLO,2019,"Allogene Therapeutics, Inc."
NASDAQ_ALLO_2020.pdf,278,967023,NASDAQ,ALLO,2020,"Allogene Therapeutics, Inc."
NASDAQ_ALLO_2021.pdf,155,617072,NASDAQ,ALLO,2021,"Allogene Therapeutics, Inc."
NASDAQ_ALLT_2017.pdf,156,499534,NASDAQ,ALLT,2017,Allot Ltd.
NASDAQ_ALLT_2018.pdf,178,488090,NASDAQ,ALLT,2018,Allot Ltd.
NASDAQ_ALLT_2019.pdf,165,518716,NASDAQ,ALLT,2019,Allot Ltd.
NASDAQ_ALLT_2020.pdf,156,524539,NASDAQ,ALLT,2020,Allot Ltd.
NASDAQ_ALLT_2021.pdf,150,514011,NASDAQ,ALLT,2021,Allot Ltd.
NASDAQ_ALNA_2017.pdf,179,736041,NASDAQ,ALNA,2017," Allena Pharmaceuticals, Inc."
NASDAQ_ALNA_2018.pdf,138,595126,NASDAQ,ALNA,2018," Allena Pharmaceuticals, Inc."
NASDAQ_ALNA_2019.pdf,144,633607,NASDAQ,ALNA,2019," Allena Pharmaceuticals, Inc."
NASDAQ_ALNA_2020.pdf,157,688597,NASDAQ,ALNA,2020," Allena Pharmaceuticals, Inc."
NASDAQ_ALPN_2017.pdf,267,856607,NASDAQ,ALPN,2017,"Alpine Immune Sciences, Inc."
NASDAQ_ALPN_2018.pdf,130,521256,NASDAQ,ALPN,2018,"Alpine Immune Sciences, Inc."
NASDAQ_ALPN_2019.pdf,131,526996,NASDAQ,ALPN,2019,"Alpine Immune Sciences, Inc."
NASDAQ_ALPN_2020.pdf,165,644938,NASDAQ,ALPN,2020,"Alpine Immune Sciences, Inc."
NASDAQ_ALPN_2021.pdf,242,876878,NASDAQ,ALPN,2021,"Alpine Immune Sciences, Inc."
NASDAQ_ALRM_2017.pdf,116,494503,NASDAQ,ALRM,2017,"Alarm.Com Holdings, Inc."
NASDAQ_ALRM_2018.pdf,124,519433,NASDAQ,ALRM,2018,"Alarm.Com Holdings, Inc."
NASDAQ_ALRM_2019.pdf,134,574485,NASDAQ,ALRM,2019,"Alarm.Com Holdings, Inc."
NASDAQ_ALRM_2020.pdf,137,603330,NASDAQ,ALRM,2020,"Alarm.Com Holdings, Inc."
NASDAQ_ALRM_2021.pdf,139,617612,NASDAQ,ALRM,2021,"Alarm.Com Holdings, Inc."
NASDAQ_ALRN_2018.pdf,228,804038,NASDAQ,ALRN,2018,"Aileron Therapeutics, Inc."
NASDAQ_ALRN_2019.pdf,174,648284,NASDAQ,ALRN,2019,"Aileron Therapeutics, Inc."
NASDAQ_ALRN_2020.pdf,148,559753,NASDAQ,ALRN,2020,"Aileron Therapeutics, Inc."
NASDAQ_ALRN_2021.pdf,148,557797,NASDAQ,ALRN,2021,"Aileron Therapeutics, Inc."
NASDAQ_ALRS_2017.pdf,56,159234,NASDAQ,ALRS,2017,Alerus Financial Corporation
NASDAQ_ALRS_2018.pdf,28,44519,NASDAQ,ALRS,2018,Alerus Financial Corporation
NASDAQ_ALRS_2019.pdf,156,583522,NASDAQ,ALRS,2019,Alerus Financial Corporation
NASDAQ_ALRS_2020.pdf,166,623459,NASDAQ,ALRS,2020,Alerus Financial Corporation
NASDAQ_ALRS_2021.pdf,159,583719,NASDAQ,ALRS,2021,Alerus Financial Corporation
NASDAQ_ALSK_2017.pdf,118,446968,NASDAQ,ALSK,2017," Alaska Communications Systems Group, Inc."
NASDAQ_ALSK_2018.pdf,109,385742,NASDAQ,ALSK,2018," Alaska Communications Systems Group, Inc."
NASDAQ_ALSK_2019.pdf,100,343662,NASDAQ,ALSK,2019," Alaska Communications Systems Group, Inc."
NASDAQ_ALSK_2020.pdf,116,411315,NASDAQ,ALSK,2020," Alaska Communications Systems Group, Inc."
NASDAQ_ALTM_2017.pdf,98,389719,NASDAQ,ALTM,2017,Arcadium Lithium Plc
NASDAQ_ALTM_2018.pdf,482,1307948,NASDAQ,ALTM,2018,Arcadium Lithium Plc
NASDAQ_ALTM_2019.pdf,143,486702,NASDAQ,ALTM,2019,Arcadium Lithium Plc
NASDAQ_ALTR_2017.pdf,111,432720,NASDAQ,ALTR,2017,Altair Engineering Inc.
NASDAQ_ALTR_2018.pdf,132,485064,NASDAQ,ALTR,2018,Altair Engineering Inc.
NASDAQ_ALTR_2019.pdf,131,499203,NASDAQ,ALTR,2019,Altair Engineering Inc.
NASDAQ_ALTR_2020.pdf,114,451140,NASDAQ,ALTR,2020,Altair Engineering Inc.
NASDAQ_ALTR_2021.pdf,113,438623,NASDAQ,ALTR,2021,Altair Engineering Inc.
NASDAQ_ALT_2017.pdf,161,595092,NASDAQ,ALT,2017,"Altimmune, Inc."
NASDAQ_ALT_2018.pdf,139,606610,NASDAQ,ALT,2018,"Altimmune, Inc."
NASDAQ_ALT_2019.pdf,143,638895,NASDAQ,ALT,2019,"Altimmune, Inc."
NASDAQ_ALT_2020.pdf,161,708974,NASDAQ,ALT,2020,"Altimmune, Inc."
NASDAQ_ALT_2021.pdf,169,668056,NASDAQ,ALT,2021,"Altimmune, Inc."
NASDAQ_ALXN_2015.pdf,150,575695,NASDAQ,ALXN,2015,"Alexion Pharmaceuticals, Inc."
NASDAQ_ALXN_2016.pdf,212,668793,NASDAQ,ALXN,2016,"Alexion Pharmaceuticals, Inc."
NASDAQ_ALXN_2017.pdf,174,576693,NASDAQ,ALXN,2017,"Alexion Pharmaceuticals, Inc."
NASDAQ_ALXN_2018.PDF,190,655998,NASDAQ,ALXN,2018,"Alexion Pharmaceuticals, Inc."
NASDAQ_ALXN_2019.pdf,208,781219,NASDAQ,ALXN,2019,"Alexion Pharmaceuticals, Inc."
NASDAQ_ALYA_2019.pdf,19,33838,NASDAQ,ALYA,2019,"Alithya Group, Inc."
NASDAQ_ALYA_2020.pdf,21,38333,NASDAQ,ALYA,2020,"Alithya Group, Inc."
NASDAQ_ALYA_2021.pdf,20,37068,NASDAQ,ALYA,2021,"Alithya Group, Inc."
NASDAQ_AMAG_2016.pdf,233,926072,NASDAQ,AMAG,2016,"Amag Pharmaceuticals, Inc."
NASDAQ_AMAG_2017.pdf,204,811712,NASDAQ,AMAG,2017,"Amag Pharmaceuticals, Inc."
NASDAQ_AMAG_2018.pdf,202,799967,NASDAQ,AMAG,2018,"Amag Pharmaceuticals, Inc."
NASDAQ_AMAG_2019.pdf,358,1081172,NASDAQ,AMAG,2019,"Amag Pharmaceuticals, Inc."
NASDAQ_AMAL_2019.pdf,166,600727,NASDAQ,AMAL,2019,Amalgamated Financial Corp.
NASDAQ_AMAL_2020.pdf,162,606033,NASDAQ,AMAL,2020,Amalgamated Financial Corp.
NASDAQ_AMAL_2021.pdf,148,515044,NASDAQ,AMAL,2021,Amalgamated Financial Corp.
NASDAQ_AMAL_2022.pdf,148,502088,NASDAQ,AMAL,2022,Amalgamated Financial Corp.
NASDAQ_AMAT_2019.pdf,116,302610,NASDAQ,AMAT,2019,"Applied Materials, Inc."
NASDAQ_AMAT_2020.pdf,116,353784,NASDAQ,AMAT,2020,"Applied Materials, Inc."
NASDAQ_AMAT_2021.pdf,116,313500,NASDAQ,AMAT,2021,"Applied Materials, Inc."
NASDAQ_AMAT_2022.pdf,117,343417,NASDAQ,AMAT,2022,"Applied Materials, Inc."
NASDAQ_AMBA_2019.pdf,108,431510,NASDAQ,AMBA,2019,"Ambarella, Inc."
NASDAQ_AMBA_2020.pdf,102,421143,NASDAQ,AMBA,2020,"Ambarella, Inc."
NASDAQ_AMBA_2021.pdf,108,421691,NASDAQ,AMBA,2021,"Ambarella, Inc."
NASDAQ_AMBA_2022.pdf,108,425143,NASDAQ,AMBA,2022,"Ambarella, Inc."
NASDAQ_AMBC_2019.pdf,166,800675,NASDAQ,AMBC,2019,"Ambac Financial Group, Inc."
NASDAQ_AMBC_2020.pdf,170,837274,NASDAQ,AMBC,2020,"Ambac Financial Group, Inc."
NASDAQ_AMBC_2021.pdf,166,885691,NASDAQ,AMBC,2021,"Ambac Financial Group, Inc."
NASDAQ_AMBC_2022.pdf,162,783587,NASDAQ,AMBC,2022,"Ambac Financial Group, Inc."
NASDAQ_AMCX_2019.pdf,124,447172,NASDAQ,AMCX,2019,Amc Networks Inc.
NASDAQ_AMCX_2020.pdf,156,537157,NASDAQ,AMCX,2020,Amc Networks Inc.
NASDAQ_AMCX_2021.pdf,145,497976,NASDAQ,AMCX,2021,Amc Networks Inc.
NASDAQ_AMCX_2022.pdf,117,425356,NASDAQ,AMCX,2022,Amc Networks Inc.
NASDAQ_AMD_2019.pdf,96,373218,NASDAQ,AMD,2019,"Advanced Micro Devices, Inc."
NASDAQ_AMD_2020.pdf,140,510307,NASDAQ,AMD,2020,"Advanced Micro Devices, Inc."
NASDAQ_AMD_2021.pdf,118,380931,NASDAQ,AMD,2021,"Advanced Micro Devices, Inc."
NASDAQ_AMD_2022.pdf,121,412658,NASDAQ,AMD,2022,"Advanced Micro Devices, Inc."
NASDAQ_AMED_2018.pdf,117,415233,NASDAQ,AMED,2018,"Amedisys, Inc."
NASDAQ_AMED_2019.pdf,120,424940,NASDAQ,AMED,2019,"Amedisys, Inc."
NASDAQ_AMED_2020.pdf,136,475360,NASDAQ,AMED,2020,"Amedisys, Inc."
NASDAQ_AMED_2021.pdf,140,488426,NASDAQ,AMED,2021,"Amedisys, Inc."
NASDAQ_AMEH_2017.pdf,230,831315,NASDAQ,AMEH,2017,"Apollo Medical Holdings, Inc."
NASDAQ_AMEH_2018.pdf,136,538427,NASDAQ,AMEH,2018,"Apollo Medical Holdings, Inc."
NASDAQ_AMEH_2019.pdf,156,600889,NASDAQ,AMEH,2019,"Apollo Medical Holdings, Inc."
NASDAQ_AMEH_2020.pdf,158,571900,NASDAQ,AMEH,2020,"Apollo Medical Holdings, Inc."
NASDAQ_AMEH_2021.pdf,157,543923,NASDAQ,AMEH,2021,"Apollo Medical Holdings, Inc."
NASDAQ_AMGN_2019.pdf,157,575074,NASDAQ,AMGN,2019,Amgen Inc.
NASDAQ_AMGN_2020.pdf,170,823233,NASDAQ,AMGN,2020,Amgen Inc.
NASDAQ_AMGN_2021.pdf,164,637890,NASDAQ,AMGN,2021,Amgen Inc.
NASDAQ_AMGN_2022.pdf,165,623221,NASDAQ,AMGN,2022,Amgen Inc.
NASDAQ_AMKR_2018.pdf,99,319269,NASDAQ,AMKR,2018,"Amkor Technology, Inc."
NASDAQ_AMKR_2019.pdf,102,323641,NASDAQ,AMKR,2019,"Amkor Technology, Inc."
NASDAQ_AMKR_2020.pdf,103,321131,NASDAQ,AMKR,2020,"Amkor Technology, Inc."
NASDAQ_AMKR_2021.pdf,116,366912,NASDAQ,AMKR,2021,"Amkor Technology, Inc."
NASDAQ_AMNB_2019.pdf,12,28016,NASDAQ,AMNB,2019,American National Bankshares Inc.
NASDAQ_AMNB_2020.pdf,11,26051,NASDAQ,AMNB,2020,American National Bankshares Inc.
NASDAQ_AMNB_2021.pdf,9,20061,NASDAQ,AMNB,2021,American National Bankshares Inc.
NASDAQ_AMNB_2022.pdf,16,23783,NASDAQ,AMNB,2022,American National Bankshares Inc.
NASDAQ_AMPH_2018.pdf,155,607498,NASDAQ,AMPH,2018,"Amphastar Pharmaceuticals, Inc."
NASDAQ_AMPH_2019.pdf,183,679341,NASDAQ,AMPH,2019,"Amphastar Pharmaceuticals, Inc."
NASDAQ_AMPH_2020.pdf,167,637785,NASDAQ,AMPH,2020,"Amphastar Pharmaceuticals, Inc."
NASDAQ_AMPH_2021.pdf,161,621311,NASDAQ,AMPH,2021,"Amphastar Pharmaceuticals, Inc."
NASDAQ_AMRB_2016.pdf,86,245291,NASDAQ,AMRB,2016,American River Bankshares
NASDAQ_AMRB_2017.pdf,90,249823,NASDAQ,AMRB,2017,American River Bankshares
NASDAQ_AMRB_2018.pdf,92,235093,NASDAQ,AMRB,2018,American River Bankshares
NASDAQ_AMRB_2019.pdf,90,265790,NASDAQ,AMRB,2019,American River Bankshares
NASDAQ_AMRH_2016.pdf,79,274896,NASDAQ,AMRH,2016,"Ameri Holdings, Inc."
NASDAQ_AMRH_2017.pdf,76,299853,NASDAQ,AMRH,2017,"Ameri Holdings, Inc."
NASDAQ_AMRH_2018.pdf,79,297338,NASDAQ,AMRH,2018,"Ameri Holdings, Inc."
NASDAQ_AMRK_2017.pdf,106,388570,NASDAQ,AMRK,2017,"A-Mark Precious Metals, Inc."
NASDAQ_AMRK_2018.pdf,103,382652,NASDAQ,AMRK,2018,"A-Mark Precious Metals, Inc."
NASDAQ_AMRK_2019.pdf,106,387823,NASDAQ,AMRK,2019,"A-Mark Precious Metals, Inc."
NASDAQ_AMRK_2020.pdf,123,410235,NASDAQ,AMRK,2020,"A-Mark Precious Metals, Inc."
NASDAQ_AMRK_2021.pdf,121,480116,NASDAQ,AMRK,2021,"A-Mark Precious Metals, Inc."
NASDAQ_AMRN_2017.pdf,294,1111449,NASDAQ,AMRN,2017,Amarin Corporation Plc
NASDAQ_AMRN_2018.pdf,204,917236,NASDAQ,AMRN,2018,Amarin Corporation Plc
NASDAQ_AMRN_2019.pdf,156,759585,NASDAQ,AMRN,2019,Amarin Corporation Plc
NASDAQ_AMRN_2020.pdf,156,777058,NASDAQ,AMRN,2020,Amarin Corporation Plc
NASDAQ_AMRN_2021.pdf,261,1115191,NASDAQ,AMRN,2021,Amarin Corporation Plc
NASDAQ_AMRS_2016.pdf,300,1143476,NASDAQ,AMRS,2016,"Amyris, Inc."
NASDAQ_AMRS_2017.pdf,302,1148740,NASDAQ,AMRS,2017,"Amyris, Inc."
NASDAQ_AMRS_2018.pdf,507,1846047,NASDAQ,AMRS,2018,"Amyris, Inc."
NASDAQ_AMRS_2019.pdf,274,1062871,NASDAQ,AMRS,2019,"Amyris, Inc."
NASDAQ_AMRS_2020.pdf,272,918103,NASDAQ,AMRS,2020,"Amyris, Inc."
NASDAQ_AMSC_2019.pdf,100,325996,NASDAQ,AMSC,2019,American Superconductor Corporation
NASDAQ_AMSC_2020.pdf,108,352706,NASDAQ,AMSC,2020,American Superconductor Corporation
NASDAQ_AMSC_2021.pdf,100,332553,NASDAQ,AMSC,2021,American Superconductor Corporation
NASDAQ_AMSC_2022.pdf,96,328341,NASDAQ,AMSC,2022,American Superconductor Corporation
NASDAQ_AMSF_2019.pdf,110,355458,NASDAQ,AMSF,2019,"Amerisafe, Inc."
NASDAQ_AMSF_2020.pdf,116,397825,NASDAQ,AMSF,2020,"Amerisafe, Inc."
NASDAQ_AMSF_2021.pdf,114,344854,NASDAQ,AMSF,2021,"Amerisafe, Inc."
NASDAQ_AMSF_2022.pdf,274,799085,NASDAQ,AMSF,2022,"Amerisafe, Inc."
NASDAQ_AMSWA_2019.pdf,100,348133,NASDAQ,AMSWA,2019,"American Software, Inc."
NASDAQ_AMSWA_2020.pdf,97,352514,NASDAQ,AMSWA,2020,"American Software, Inc."
NASDAQ_AMSWA_2021.pdf,103,333982,NASDAQ,AMSWA,2021,"American Software, Inc."
NASDAQ_AMSWA_2022.pdf,99,314259,NASDAQ,AMSWA,2022,"American Software, Inc."
NASDAQ_AMTBB_2019.pdf,230,707192,NASDAQ,AMTBB,2019,"Amerant Bancorp, Inc."
NASDAQ_AMTBB_2020.pdf,222,734554,NASDAQ,AMTBB,2020,"Amerant Bancorp, Inc."
NASDAQ_AMTBB_2021.pdf,230,655280,NASDAQ,AMTBB,2021,"Amerant Bancorp, Inc."
NASDAQ_AMTX_2017.pdf,96,361813,NASDAQ,AMTX,2017,"Aemetis, Inc."
NASDAQ_AMTX_2018.pdf,103,383611,NASDAQ,AMTX,2018,"Aemetis, Inc."
NASDAQ_AMTX_2019.pdf,92,379786,NASDAQ,AMTX,2019,"Aemetis, Inc."
NASDAQ_AMTX_2020.pdf,124,449021,NASDAQ,AMTX,2020,"Aemetis, Inc."
NASDAQ_AMTX_2021.pdf,83,442522,NASDAQ,AMTX,2021,"Aemetis, Inc."
NASDAQ_AMWD_2019.pdf,76,268441,NASDAQ,AMWD,2019,American Woodmark Corporation
NASDAQ_AMWD_2020.pdf,80,258919,NASDAQ,AMWD,2020,American Woodmark Corporation
NASDAQ_AMWD_2021.pdf,73,243139,NASDAQ,AMWD,2021,American Woodmark Corporation
NASDAQ_AMWD_2022.pdf,76,238348,NASDAQ,AMWD,2022,American Woodmark Corporation
NASDAQ_AMZN_2017.PDF,89,320162,NASDAQ,AMZN,2017,"Amazon.Com, Inc."
NASDAQ_AMZN_2018.pdf,84,273641,NASDAQ,AMZN,2018,"Amazon.Com, Inc."
NASDAQ_AMZN_2019.pdf,87,280936,NASDAQ,AMZN,2019,"Amazon.Com, Inc."
NASDAQ_AMZN_2020.pdf,87,294627,NASDAQ,AMZN,2020,"Amazon.Com, Inc."
NASDAQ_AMZN_2021.pdf,86,293210,NASDAQ,AMZN,2021,"Amazon.Com, Inc."
NASDAQ_ANAB_2016.pdf,142,545484,NASDAQ,ANAB,2016,"Anaptysbio, Inc."
NASDAQ_ANAB_2017.pdf,154,613136,NASDAQ,ANAB,2017,"Anaptysbio, Inc."
NASDAQ_ANAB_2018.pdf,117,505889,NASDAQ,ANAB,2018,"Anaptysbio, Inc."
NASDAQ_ANAB_2019.pdf,119,503392,NASDAQ,ANAB,2019,"Anaptysbio, Inc."
NASDAQ_ANAB_2020.pdf,145,566059,NASDAQ,ANAB,2020,"Anaptysbio, Inc."
NASDAQ_ANAT_2018.pdf,12,25728,NASDAQ,ANAT,2018,"American National Group, Inc."
NASDAQ_ANAT_2019.pdf,12,15217,NASDAQ,ANAT,2019,"American National Group, Inc."
NASDAQ_ANAT_2020.pdf,144,499727,NASDAQ,ANAT,2020,"American National Group, Inc."
NASDAQ_ANAT_2021.pdf,149,504127,NASDAQ,ANAT,2021,"American National Group, Inc."
NASDAQ_ANDE_2018.pdf,6,13956,NASDAQ,ANDE,2018,"The Andersons, Inc."
NASDAQ_ANDE_2019.pdf,126,390385,NASDAQ,ANDE,2019,"The Andersons, Inc."
NASDAQ_ANDE_2020.pdf,102,309933,NASDAQ,ANDE,2020,"The Andersons, Inc."
NASDAQ_ANDE_2021.pdf,104,306456,NASDAQ,ANDE,2021,"The Andersons, Inc."
NASDAQ_ANGI_2017.pdf,105,363900,NASDAQ,ANGI,2017,Angi Inc.
NASDAQ_ANGI_2018.pdf,126,445063,NASDAQ,ANGI,2018,Angi Inc.
NASDAQ_ANGI_2019.pdf,122,421081,NASDAQ,ANGI,2019,Angi Inc.
NASDAQ_ANGO_2017.pdf,108,358975,NASDAQ,ANGO,2017,"Angiodynamics, Inc."
NASDAQ_ANGO_2018.pdf,134,403925,NASDAQ,ANGO,2018,"Angiodynamics, Inc."
NASDAQ_ANGO_2019.pdf,114,393391,NASDAQ,ANGO,2019,"Angiodynamics, Inc."
NASDAQ_ANGO_2020.pdf,130,451312,NASDAQ,ANGO,2020,"Angiodynamics, Inc."
NASDAQ_ANIK_2019.pdf,91,335696,NASDAQ,ANIK,2019,"Anika Therapeutics, Inc."
NASDAQ_ANIK_2020.pdf,106,403309,NASDAQ,ANIK,2020,"Anika Therapeutics, Inc."
NASDAQ_ANIK_2021.pdf,94,59666,NASDAQ,ANIK,2021,"Anika Therapeutics, Inc."
NASDAQ_ANIK_2022.pdf,97,440480,NASDAQ,ANIK,2022,"Anika Therapeutics, Inc."
NASDAQ_ANIP_2019.pdf,204,697360,NASDAQ,ANIP,2019,"Ani Pharmaceuticals, Inc."
NASDAQ_ANIP_2020.pdf,140,492274,NASDAQ,ANIP,2020,"Ani Pharmaceuticals, Inc."
NASDAQ_ANIP_2021.pdf,260,839900,NASDAQ,ANIP,2021,"Ani Pharmaceuticals, Inc."
NASDAQ_ANIP_2022.pdf,130,480744,NASDAQ,ANIP,2022,"Ani Pharmaceuticals, Inc."
NASDAQ_ANIX_2019.pdf,128,399201,NASDAQ,ANIX,2019,"Anixa Biosciences, Inc."
NASDAQ_ANIX_2020.pdf,77,469512,NASDAQ,ANIX,2020,"Anixa Biosciences, Inc."
NASDAQ_ANIX_2021.pdf,103,273601,NASDAQ,ANIX,2021,"Anixa Biosciences, Inc."
NASDAQ_ANIX_2022.pdf,74,247516,NASDAQ,ANIX,2022,"Anixa Biosciences, Inc."
NASDAQ_ANPC_2019.pdf,213,808368,NASDAQ,ANPC,2019,"Anpac Bio-Medical Science Co., Ltd."
NASDAQ_ANPC_2020.pdf,274,948308,NASDAQ,ANPC,2020,"Anpac Bio-Medical Science Co., Ltd."
NASDAQ_ANPC_2021.pdf,206,760238,NASDAQ,ANPC,2021,"Anpac Bio-Medical Science Co., Ltd."
NASDAQ_ANSS_2019.pdf,113,358413,NASDAQ,ANSS,2019,"Ansys, Inc."
NASDAQ_ANSS_2020.pdf,122,371010,NASDAQ,ANSS,2020,"Ansys, Inc."
NASDAQ_ANSS_2021.pdf,106,325406,NASDAQ,ANSS,2021,"Ansys, Inc."
NASDAQ_ANSS_2022.pdf,106,336050,NASDAQ,ANSS,2022,"Ansys, Inc."
NASDAQ_ANTE_2014.pdf,183,691679,NASDAQ,ANTE,2014,Airnet Technology Inc.
NASDAQ_ANTE_2015.pdf,340,919445,NASDAQ,ANTE,2015,Airnet Technology Inc.
NASDAQ_ANTE_2016.pdf,235,747746,NASDAQ,ANTE,2016,Airnet Technology Inc.
NASDAQ_ANTE_2017.pdf,204,674542,NASDAQ,ANTE,2017,Airnet Technology Inc.
NASDAQ_ANTE_2018.pdf,189,626265,NASDAQ,ANTE,2018,Airnet Technology Inc.
NASDAQ_AOSL_2017.pdf,119,398977,NASDAQ,AOSL,2017,Alpha And Omega Semiconductor Limited
NASDAQ_AOSL_2018.pdf,192,543877,NASDAQ,AOSL,2018,Alpha And Omega Semiconductor Limited
NASDAQ_AOSL_2019.pdf,127,423892,NASDAQ,AOSL,2019,Alpha And Omega Semiconductor Limited
NASDAQ_AOSL_2020.pdf,142,469831,NASDAQ,AOSL,2020,Alpha And Omega Semiconductor Limited
NASDAQ_AOSL_2021.pdf,183,541995,NASDAQ,AOSL,2021,Alpha And Omega Semiconductor Limited
NASDAQ_APDN_2019.pdf,109,430187,NASDAQ,APDN,2019,"Applied Dna Sciences, Inc."
NASDAQ_APDN_2020.pdf,77,470395,NASDAQ,APDN,2020,"Applied Dna Sciences, Inc."
NASDAQ_APDN_2021.pdf,93,358854,NASDAQ,APDN,2021,"Applied Dna Sciences, Inc."
NASDAQ_APDN_2022.pdf,130,428883,NASDAQ,APDN,2022,"Applied Dna Sciences, Inc."
NASDAQ_APEI_2017.pdf,196,732058,NASDAQ,APEI,2017,"American Public Education, Inc."
NASDAQ_APEI_2018.pdf,164,619047,NASDAQ,APEI,2018,"American Public Education, Inc."
NASDAQ_APEI_2019.pdf,184,651315,NASDAQ,APEI,2019,"American Public Education, Inc."
NASDAQ_APEI_2020.pdf,190,703585,NASDAQ,APEI,2020,"American Public Education, Inc."
NASDAQ_APEI_2021.pdf,161,682876,NASDAQ,APEI,2021,"American Public Education, Inc."
NASDAQ_APEN_2017.pdf,101,357622,NASDAQ,APEN,2017,"Apollo Endosurgery, Inc."
NASDAQ_APEN_2018.pdf,178,626184,NASDAQ,APEN,2018,"Apollo Endosurgery, Inc."
NASDAQ_APEN_2019.pdf,92,378823,NASDAQ,APEN,2019,"Apollo Endosurgery, Inc."
NASDAQ_APEN_2020.pdf,120,440027,NASDAQ,APEN,2020,"Apollo Endosurgery, Inc."
NASDAQ_APEN_2021.pdf,170,630033,NASDAQ,APEN,2021,"Apollo Endosurgery, Inc."
NASDAQ_APLS_2019.pdf,140,610899,NASDAQ,APLS,2019,"Apellis Pharmaceuticals, Inc."
NASDAQ_APLS_2020.pdf,326,1296237,NASDAQ,APLS,2020,"Apellis Pharmaceuticals, Inc."
NASDAQ_APLS_2021.pdf,175,814466,NASDAQ,APLS,2021,"Apellis Pharmaceuticals, Inc."
NASDAQ_APLS_2022.pdf,169,806931,NASDAQ,APLS,2022,"Apellis Pharmaceuticals, Inc."
NASDAQ_APLT_2019.pdf,197,666596,NASDAQ,APLT,2019,"Applied Therapeutics, Inc."
NASDAQ_APLT_2020.pdf,135,499357,NASDAQ,APLT,2020,"Applied Therapeutics, Inc."
NASDAQ_APLT_2021.pdf,139,501930,NASDAQ,APLT,2021,"Applied Therapeutics, Inc."
NASDAQ_APLT_2022.pdf,263,880441,NASDAQ,APLT,2022,"Applied Therapeutics, Inc."
NASDAQ_APM_2018.pdf,196,680566,NASDAQ,APM,2018,Aptorum Group Limited
NASDAQ_APM_2019.pdf,221,770904,NASDAQ,APM,2019,Aptorum Group Limited
NASDAQ_APM_2020.pdf,239,819060,NASDAQ,APM,2020,Aptorum Group Limited
NASDAQ_APM_2021.pdf,244,867362,NASDAQ,APM,2021,Aptorum Group Limited
NASDAQ_APM_2022.pdf,258,946106,NASDAQ,APM,2022,Aptorum Group Limited
NASDAQ_APOG_2019.pdf,104,368121,NASDAQ,APOG,2019,"Apogee Enterprises, Inc."
NASDAQ_APOG_2020.pdf,64,223399,NASDAQ,APOG,2020,"Apogee Enterprises, Inc."
NASDAQ_APOG_2021.pdf,68,240082,NASDAQ,APOG,2021,"Apogee Enterprises, Inc."
NASDAQ_APOG_2022.pdf,72,263203,NASDAQ,APOG,2022,"Apogee Enterprises, Inc."
NASDAQ_APPF_2017.pdf,100,367658,NASDAQ,APPF,2017,"Appfolio, Inc."
NASDAQ_APPF_2018.pdf,161,531896,NASDAQ,APPF,2018,"Appfolio, Inc."
NASDAQ_APPF_2019.pdf,121,455436,NASDAQ,APPF,2019,"Appfolio, Inc."
NASDAQ_APPF_2020.pdf,109,398902,NASDAQ,APPF,2020,"Appfolio, Inc."
NASDAQ_APPF_2021.pdf,160,493079,NASDAQ,APPF,2021,"Appfolio, Inc."
NASDAQ_APPN_2019.pdf,128,453277,NASDAQ,APPN,2019,Appian Corporation
NASDAQ_APPN_2020.pdf,109,381211,NASDAQ,APPN,2020,Appian Corporation
NASDAQ_APPN_2021.pdf,120,415757,NASDAQ,APPN,2021,Appian Corporation
NASDAQ_APPN_2022.pdf,108,349318,NASDAQ,APPN,2022,Appian Corporation
NASDAQ_APRE_2019.pdf,163,643762,NASDAQ,APRE,2019,"Aprea Therapeutics, Inc."
NASDAQ_APRE_2020.pdf,167,669145,NASDAQ,APRE,2020,"Aprea Therapeutics, Inc."
NASDAQ_APRE_2021.pdf,158,626407,NASDAQ,APRE,2021,"Aprea Therapeutics, Inc."
NASDAQ_APRI_2014.pdf,117,501033,NASDAQ,APRI,2014,"Apricus Biosciences, Inc."
NASDAQ_APRI_2015.pdf,93,359403,NASDAQ,APRI,2015,"Apricus Biosciences, Inc."
NASDAQ_APRI_2016.pdf,135,540044,NASDAQ,APRI,2016,"Apricus Biosciences, Inc."
NASDAQ_APRI_2017.pdf,95,406509,NASDAQ,APRI,2017,"Apricus Biosciences, Inc."
NASDAQ_APRI_2018.pdf,123,505075,NASDAQ,APRI,2018,"Apricus Biosciences, Inc."
NASDAQ_APTX_2018.pdf,127,484484,NASDAQ,APTX,2018, Aptinyx Inc.
NASDAQ_APTX_2019.pdf,133,513001,NASDAQ,APTX,2019, Aptinyx Inc.
NASDAQ_APTX_2020.pdf,139,523244,NASDAQ,APTX,2020, Aptinyx Inc.
NASDAQ_APTX_2021.pdf,166,620870,NASDAQ,APTX,2021, Aptinyx Inc.
NASDAQ_APVO_2019.pdf,92,324926,NASDAQ,APVO,2019,Aptevo Therapeutics Inc.
NASDAQ_APVO_2020.pdf,109,420412,NASDAQ,APVO,2020,Aptevo Therapeutics Inc.
NASDAQ_APVO_2021.pdf,122,461878,NASDAQ,APVO,2021,Aptevo Therapeutics Inc.
NASDAQ_APVO_2022.pdf,119,450537,NASDAQ,APVO,2022,Aptevo Therapeutics Inc.
NASDAQ_APWC_2017.pdf,201,541132,NASDAQ,APWC,2017,Asia Pacific Wire & Cable Corporation Limited
NASDAQ_APYX_2020.pdf,82,245636,NASDAQ,APYX,2020,Apyx Medical Corporation
NASDAQ_AQB_2017.pdf,62,247964,NASDAQ,AQB,2017,"Aquabounty Technologies, Inc."
NASDAQ_AQB_2018.pdf,62,247202,NASDAQ,AQB,2018,"Aquabounty Technologies, Inc."
NASDAQ_AQB_2019.pdf,62,235511,NASDAQ,AQB,2019,"Aquabounty Technologies, Inc."
NASDAQ_AQB_2020.pdf,72,252652,NASDAQ,AQB,2020,"Aquabounty Technologies, Inc."
NASDAQ_AQB_2021.pdf,70,259054,NASDAQ,AQB,2021,"Aquabounty Technologies, Inc."
NASDAQ_AQMS_2017.pdf,81,280011,NASDAQ,AQMS,2017,"Aqua Metals, Inc."
NASDAQ_AQMS_2018.pdf,112,404915,NASDAQ,AQMS,2018,"Aqua Metals, Inc."
NASDAQ_AQMS_2019.pdf,78,278708,NASDAQ,AQMS,2019,"Aqua Metals, Inc."
NASDAQ_AQMS_2020.pdf,55,264000,NASDAQ,AQMS,2020,"Aqua Metals, Inc."
NASDAQ_AQMS_2021.pdf,68,234548,NASDAQ,AQMS,2021,"Aqua Metals, Inc."
NASDAQ_AQST_2018.pdf,123,573842,NASDAQ,AQST,2018,"Aquestive Therapeutics, Inc."
NASDAQ_AQST_2019.pdf,173,716877,NASDAQ,AQST,2019,"Aquestive Therapeutics, Inc."
NASDAQ_AQST_2020.pdf,324,1047320,NASDAQ,AQST,2020,"Aquestive Therapeutics, Inc."
NASDAQ_AQST_2021.pdf,116,544175,NASDAQ,AQST,2021,"Aquestive Therapeutics, Inc."
NASDAQ_ARAV_2018.pdf,124,478028,NASDAQ,ARAV,2018,"Aravive, Inc."
NASDAQ_ARAV_2019.pdf,175,691099,NASDAQ,ARAV,2019,"Aravive, Inc."
NASDAQ_ARAV_2020.pdf,150,617170,NASDAQ,ARAV,2020,"Aravive, Inc."
NASDAQ_ARAV_2021.pdf,144,595395,NASDAQ,ARAV,2021,"Aravive, Inc."
NASDAQ_ARAY_2019.pdf,132,521332,NASDAQ,ARAY,2019,Accuray Incorporated
NASDAQ_ARAY_2020.pdf,144,553155,NASDAQ,ARAY,2020,Accuray Incorporated
NASDAQ_ARAY_2021.pdf,156,625023,NASDAQ,ARAY,2021,Accuray Incorporated
NASDAQ_ARAY_2022.pdf,261,961125,NASDAQ,ARAY,2022,Accuray Incorporated
NASDAQ_ARCB_2020.pdf,130,549600,NASDAQ,ARCB,2020,Arcbest Corporation
NASDAQ_ARCB_2021.pdf,130,534188,NASDAQ,ARCB,2021,Arcbest Corporation
NASDAQ_ARCB_2022.pdf,122,519981,NASDAQ,ARCB,2022,Arcbest Corporation
NASDAQ_ARCC_2017.pdf,216,820306,NASDAQ,ARCC,2017,Ares Capital Corporation
NASDAQ_ARCC_2018.pdf,252,960946,NASDAQ,ARCC,2018,Ares Capital Corporation
NASDAQ_ARCC_2019.pdf,246,929155,NASDAQ,ARCC,2019,Ares Capital Corporation
NASDAQ_ARCC_2020.pdf,419,1438152,NASDAQ,ARCC,2020,Ares Capital Corporation
NASDAQ_ARCC_2021.pdf,437,1545376,NASDAQ,ARCC,2021,Ares Capital Corporation
NASDAQ_ARCE_2018.pdf,197,617628,NASDAQ,ARCE,2018,Arco Platform Limited
NASDAQ_ARCE_2019.pdf,245,760660,NASDAQ,ARCE,2019,Arco Platform Limited
NASDAQ_ARCE_2020.pdf,175,787108,NASDAQ,ARCE,2020,Arco Platform Limited
NASDAQ_ARCE_2021.pdf,224,776866,NASDAQ,ARCE,2021,Arco Platform Limited
NASDAQ_ARCE_2022.pdf,229,775514,NASDAQ,ARCE,2022,Arco Platform Limited
NASDAQ_ARCT_2019.pdf,158,512462,NASDAQ,ARCT,2019,Arcturus Therapeutics Holdings Inc.
NASDAQ_ARCT_2020.pdf,136,481917,NASDAQ,ARCT,2020,Arcturus Therapeutics Holdings Inc.
NASDAQ_ARCT_2021.pdf,126,450925,NASDAQ,ARCT,2021,Arcturus Therapeutics Holdings Inc.
NASDAQ_ARCT_2022.pdf,132,466456,NASDAQ,ARCT,2022,Arcturus Therapeutics Holdings Inc.
NASDAQ_ARCW_2015.pdf,135,299288,NASDAQ,ARCW,2015,"Arc Group Worldwide, Inc."
NASDAQ_ARCW_2016.pdf,73,286329,NASDAQ,ARCW,2016,"Arc Group Worldwide, Inc."
NASDAQ_ARCW_2017.pdf,88,277646,NASDAQ,ARCW,2017,"Arc Group Worldwide, Inc."
NASDAQ_ARDS_2018.pdf,169,544787,NASDAQ,ARDS,2018,"Aridis Pharmaceuticals, Inc."
NASDAQ_ARDS_2019.pdf,182,595922,NASDAQ,ARDS,2019,"Aridis Pharmaceuticals, Inc."
NASDAQ_ARDS_2020.pdf,143,567524,NASDAQ,ARDS,2020,"Aridis Pharmaceuticals, Inc."
NASDAQ_ARDX_2019.pdf,144,531653,NASDAQ,ARDX,2019,"Ardelyx, Inc."
NASDAQ_ARDX_2020.pdf,201,705150,NASDAQ,ARDX,2020,"Ardelyx, Inc."
NASDAQ_ARDX_2021.pdf,133,545190,NASDAQ,ARDX,2021,"Ardelyx, Inc."
NASDAQ_ARDX_2022.pdf,141,552522,NASDAQ,ARDX,2022,"Ardelyx, Inc."
NASDAQ_AREC_2017.pdf,110,210250,NASDAQ,AREC,2017,American Resources Corporation
NASDAQ_AREC_2018.pdf,121,333080,NASDAQ,AREC,2018,American Resources Corporation
NASDAQ_AREC_2019.pdf,157,356506,NASDAQ,AREC,2019,American Resources Corporation
NASDAQ_AREC_2020.pdf,71,372093,NASDAQ,AREC,2020,American Resources Corporation
NASDAQ_AREC_2021.pdf,61,313424,NASDAQ,AREC,2021,American Resources Corporation
NASDAQ_AREX_2015.pdf,116,383770,NASDAQ,AREX,2015," Approach Resources, Inc."
NASDAQ_AREX_2016.pdf,115,362652,NASDAQ,AREX,2016," Approach Resources, Inc."
NASDAQ_AREX_2017.pdf,120,392177,NASDAQ,AREX,2017," Approach Resources, Inc."
NASDAQ_AREX_2018.pdf,124,459811,NASDAQ,AREX,2018," Approach Resources, Inc."
NASDAQ_ARGO_2021.pdf,232,814251,NASDAQ,ARGO,2021,"Argo Group International Holdings, Ltd."
NASDAQ_ARGX_2018.pdf,350,1194773,NASDAQ,ARGX,2018,Argenx Se
NASDAQ_ARGX_2019.pdf,284,904175,NASDAQ,ARGX,2019,Argenx Se
NASDAQ_ARGX_2020.pdf,161,937094,NASDAQ,ARGX,2020,Argenx Se
NASDAQ_ARGX_2021.pdf,167,971931,NASDAQ,ARGX,2021,Argenx Se
NASDAQ_ARGX_2022.pdf,382,1021846,NASDAQ,ARGX,2022,Argenx Se
NASDAQ_ARKR_2019.pdf,40,141114,NASDAQ,ARKR,2019,Ark Restaurants Corp.
NASDAQ_ARKR_2020.pdf,48,182164,NASDAQ,ARKR,2020,Ark Restaurants Corp.
NASDAQ_ARKR_2021.pdf,44,159214,NASDAQ,ARKR,2021,Ark Restaurants Corp.
NASDAQ_ARKR_2022.pdf,48,153512,NASDAQ,ARKR,2022,Ark Restaurants Corp.
NASDAQ_ARLP_2019.pdf,187,723077,NASDAQ,ARLP,2019,"Alliance Resource Partners, L.P."
NASDAQ_ARLP_2020.pdf,186,732670,NASDAQ,ARLP,2020,"Alliance Resource Partners, L.P."
NASDAQ_ARLP_2021.pdf,199,759459,NASDAQ,ARLP,2021,"Alliance Resource Partners, L.P."
NASDAQ_ARLP_2022.pdf,200,749623,NASDAQ,ARLP,2022,"Alliance Resource Partners, L.P."
NASDAQ_ARNA_2017.pdf,123,514342,NASDAQ,ARNA,2017,"Arena Pharmaceuticals, Inc."
NASDAQ_ARNA_2018.pdf,162,621787,NASDAQ,ARNA,2018,"Arena Pharmaceuticals, Inc."
NASDAQ_ARNA_2019.pdf,107,446095,NASDAQ,ARNA,2019,"Arena Pharmaceuticals, Inc."
NASDAQ_ARNA_2020.pdf,199,788542,NASDAQ,ARNA,2020,"Arena Pharmaceuticals, Inc."
NASDAQ_AROW_2018.pdf,8,10668,NASDAQ,AROW,2018,Arrow Financial Corporation
NASDAQ_AROW_2019.pdf,8,10835,NASDAQ,AROW,2019,Arrow Financial Corporation
NASDAQ_AROW_2020.pdf,8,10762,NASDAQ,AROW,2020,Arrow Financial Corporation
NASDAQ_AROW_2021.pdf,17,24171,NASDAQ,AROW,2021,Arrow Financial Corporation
NASDAQ_AROW_2022.pdf,18,22715,NASDAQ,AROW,2022,Arrow Financial Corporation
NASDAQ_ARPO_2017.pdf,31,88624,NASDAQ,ARPO,2017,"Aerpio Pharmaceuticals, Inc."
NASDAQ_ARPO_2018.pdf,106,419085,NASDAQ,ARPO,2018,"Aerpio Pharmaceuticals, Inc."
NASDAQ_ARQT_2019.pdf,175,693179,NASDAQ,ARQT,2019,"Arcutis Biotherapeutics, Inc."
NASDAQ_ARQT_2020.pdf,167,648505,NASDAQ,ARQT,2020,"Arcutis Biotherapeutics, Inc."
NASDAQ_ARQT_2021.pdf,282,1062906,NASDAQ,ARQT,2021,"Arcutis Biotherapeutics, Inc."
NASDAQ_ARRS_2015.pdf,207,671446,NASDAQ,ARRS,2015,Arris International Plc
NASDAQ_ARRS_2016.pdf,163,536063,NASDAQ,ARRS,2016,Arris International Plc
NASDAQ_ARRS_2017.pdf,165,564087,NASDAQ,ARRS,2017,Arris International Plc
NASDAQ_ARRS_2018.pdf,132,528491,NASDAQ,ARRS,2018,Arris International Plc
NASDAQ_ARTL_2019.pdf,114,313013,NASDAQ,ARTL,2019,"Artelo Biosciences, Inc."
NASDAQ_ARTL_2020.pdf,88,318144,NASDAQ,ARTL,2020,"Artelo Biosciences, Inc."
NASDAQ_ARTL_2021.pdf,88,322636,NASDAQ,ARTL,2021,"Artelo Biosciences, Inc."
NASDAQ_ARTL_2022.pdf,96,355282,NASDAQ,ARTL,2022,"Artelo Biosciences, Inc."
NASDAQ_ARTNA_2019.pdf,91,332382,NASDAQ,ARTNA,2019,Artesian Resources Corporation
NASDAQ_ARTNA_2020.pdf,24,30103,NASDAQ,ARTNA,2020,Artesian Resources Corporation
NASDAQ_ARTNA_2021.pdf,110,367103,NASDAQ,ARTNA,2021,Artesian Resources Corporation
NASDAQ_ARTNA_2022.pdf,118,399776,NASDAQ,ARTNA,2022,Artesian Resources Corporation
NASDAQ_ARTX_2013.pdf,56,180186,NASDAQ,ARTX,2013,Arotech Corporation
NASDAQ_ARTX_2014.pdf,64,218388,NASDAQ,ARTX,2014,Arotech Corporation
NASDAQ_ARTX_2015.pdf,90,225161,NASDAQ,ARTX,2015,Arotech Corporation
NASDAQ_ARTX_2016.pdf,58,212252,NASDAQ,ARTX,2016,Arotech Corporation
NASDAQ_ARTX_2017.pdf,154,493832,NASDAQ,ARTX,2017,Arotech Corporation
NASDAQ_ARVN_2019.pdf,148,541298,NASDAQ,ARVN,2019,"Arvinas, Inc."
NASDAQ_ARVN_2020.pdf,148,635607,NASDAQ,ARVN,2020,"Arvinas, Inc."
NASDAQ_ARVN_2021.pdf,164,579419,NASDAQ,ARVN,2021,"Arvinas, Inc."
NASDAQ_ARVN_2022.pdf,176,678428,NASDAQ,ARVN,2022,"Arvinas, Inc."
NASDAQ_ASNA_2016.pdf,17,24579,NASDAQ,ASNA,2016," Ascena Retail Group, Inc."
NASDAQ_ASNA_2017.pdf,110,394402,NASDAQ,ASNA,2017," Ascena Retail Group, Inc."
NASDAQ_ASNA_2018.pdf,114,399648,NASDAQ,ASNA,2018," Ascena Retail Group, Inc."
NASDAQ_ASNA_2019.pdf,106,435456,NASDAQ,ASNA,2019," Ascena Retail Group, Inc."
NASDAQ_ASND_2018.pdf,53,154026,NASDAQ,ASND,2018,Ascendis Pharma A/S
NASDAQ_ASND_2019.pdf,56,167682,NASDAQ,ASND,2019,Ascendis Pharma A/S
NASDAQ_ASND_2020.pdf,64,172769,NASDAQ,ASND,2020,Ascendis Pharma A/S
NASDAQ_ASND_2021.pdf,69,192470,NASDAQ,ASND,2021,Ascendis Pharma A/S
NASDAQ_ASND_2022.pdf,67,189301,NASDAQ,ASND,2022,Ascendis Pharma A/S
NASDAQ_ASPS_2019.pdf,105,410509,NASDAQ,ASPS,2019,Altisource Portfolio Solutions S.A.
NASDAQ_ASPS_2020.pdf,108,426739,NASDAQ,ASPS,2020,Altisource Portfolio Solutions S.A.
NASDAQ_ASPS_2021.pdf,93,365721,NASDAQ,ASPS,2021,Altisource Portfolio Solutions S.A.
NASDAQ_ASPS_2022.pdf,281,1024835,NASDAQ,ASPS,2022,Altisource Portfolio Solutions S.A.
NASDAQ_ASYS_2016.pdf,96,299838,NASDAQ,ASYS,2016,"Amtech Systems, Inc."
NASDAQ_ASYS_2017.pdf,90,312256,NASDAQ,ASYS,2017,"Amtech Systems, Inc."
NASDAQ_ASYS_2018.pdf,84,287577,NASDAQ,ASYS,2018,"Amtech Systems, Inc."
NASDAQ_ASYS_2019.pdf,95,314981,NASDAQ,ASYS,2019,"Amtech Systems, Inc."
NASDAQ_ASYS_2020.pdf,97,331540,NASDAQ,ASYS,2020,"Amtech Systems, Inc."
NASDAQ_ATEC_2017.PDF,126,464818,NASDAQ,ATEC,2017,"Alphatec Holdings, Inc."
NASDAQ_ATEC_2018.pdf,100,400115,NASDAQ,ATEC,2018,"Alphatec Holdings, Inc."
NASDAQ_ATEC_2019.pdf,108,425235,NASDAQ,ATEC,2019,"Alphatec Holdings, Inc."
NASDAQ_ATEC_2020.pdf,123,417110,NASDAQ,ATEC,2020,"Alphatec Holdings, Inc."
NASDAQ_ATEC_2021.pdf,127,401245,NASDAQ,ATEC,2021,"Alphatec Holdings, Inc."
NASDAQ_ATEX_2020.pdf,94,390691,NASDAQ,ATEX,2020,Anterix Inc.
NASDAQ_ATEX_2021.pdf,91,390875,NASDAQ,ATEX,2021,Anterix Inc.
NASDAQ_ATEX_2022.pdf,88,362266,NASDAQ,ATEX,2022,Anterix Inc.
NASDAQ_ATHE_2019.pdf,96,247569,NASDAQ,ATHE,2019,Alterity Therapeutics Limited
NASDAQ_ATHE_2020.pdf,96,265519,NASDAQ,ATHE,2020,Alterity Therapeutics Limited
NASDAQ_ATHE_2021.pdf,143,496921,NASDAQ,ATHE,2021,Alterity Therapeutics Limited
NASDAQ_ATHE_2022.pdf,150,441116,NASDAQ,ATHE,2022,Alterity Therapeutics Limited
NASDAQ_ATLO_2019.pdf,16,22157,NASDAQ,ATLO,2019,Ames National Corporation
NASDAQ_ATLO_2020.pdf,9,23938,NASDAQ,ATLO,2020,Ames National Corporation
NASDAQ_ATLO_2021.pdf,9,26586,NASDAQ,ATLO,2021,Ames National Corporation
NASDAQ_ATLO_2022.pdf,16,25995,NASDAQ,ATLO,2022,Ames National Corporation
NASDAQ_ATRS_2015.pdf,88,394468,NASDAQ,ATRS,2015,"Antares Pharma, Inc."
NASDAQ_ATSG_2019.pdf,128,437643,NASDAQ,ATSG,2019,"Air Transport Services Group, Inc."
NASDAQ_ATSG_2020.pdf,124,429342,NASDAQ,ATSG,2020,"Air Transport Services Group, Inc."
NASDAQ_ATSG_2021.pdf,114,386625,NASDAQ,ATSG,2021,"Air Transport Services Group, Inc."
NASDAQ_ATSG_2022.pdf,111,379943,NASDAQ,ATSG,2022,"Air Transport Services Group, Inc."
NASDAQ_ATVI_2019.pdf,148,683530,NASDAQ,ATVI,2019,"Activision Blizzard, Inc."
NASDAQ_ATVI_2020.pdf,136,482102,NASDAQ,ATVI,2020,"Activision Blizzard, Inc."
NASDAQ_ATVI_2021.pdf,144,553340,NASDAQ,ATVI,2021,"Activision Blizzard, Inc."
NASDAQ_ATVI_2022.pdf,140,487584,NASDAQ,ATVI,2022,"Activision Blizzard, Inc."
NASDAQ_AVAV_2019.pdf,250,666082,NASDAQ,AVAV,2019,"Aerovironment, Inc."
NASDAQ_AVAV_2020.pdf,237,553534,NASDAQ,AVAV,2020,"Aerovironment, Inc."
NASDAQ_AVAV_2021.pdf,168,533408,NASDAQ,AVAV,2021,"Aerovironment, Inc."
NASDAQ_AVAV_2022.pdf,208,677314,NASDAQ,AVAV,2022,"Aerovironment, Inc."
NASDAQ_AVCT_2020.pdf,76,303917,NASDAQ,AVCT,2020,"American Virtual Cloud Technologies, Inc."
NASDAQ_AVCT_2021.pdf,68,406119,NASDAQ,AVCT,2021,"American Virtual Cloud Technologies, Inc."
NASDAQ_AVXL_2020.pdf,80,299343,NASDAQ,AVXL,2020,Anavex Life Sciences Corp.
NASDAQ_AXAS_2016.pdf,117,411600,NASDAQ,AXAS,2016,Abraxas Petroleum Corporation
NASDAQ_AXAS_2017.pdf,160,580148,NASDAQ,AXAS,2017,Abraxas Petroleum Corporation
NASDAQ_AXAS_2018.pdf,156,585310,NASDAQ,AXAS,2018,Abraxas Petroleum Corporation
NASDAQ_AXAS_2021.pdf,136,518821,NASDAQ,AXAS,2021,Abraxas Petroleum Corporation
NASDAQ_AXDX_2019.pdf,120,427384,NASDAQ,AXDX,2019,"Accelerate Diagnostics, Inc."
NASDAQ_AXDX_2020.pdf,105,368843,NASDAQ,AXDX,2020,"Accelerate Diagnostics, Inc."
NASDAQ_AXDX_2021.pdf,113,419941,NASDAQ,AXDX,2021,"Accelerate Diagnostics, Inc."
NASDAQ_AXDX_2022.pdf,131,484144,NASDAQ,AXDX,2022,"Accelerate Diagnostics, Inc."
NASDAQ_BCOW_2021.pdf,108,414847,NASDAQ,BCOW,2021,"1895 Bancorp Of Wisconsin, Inc."
NASDAQ_BCOW_2022.pdf,104,395215,NASDAQ,BCOW,2022,"1895 Bancorp Of Wisconsin, Inc."
NASDAQ_CRMT_2019.pdf,88,272599,NASDAQ,CRMT,2019,"America'S Car-Mart, Inc."
NASDAQ_CRMT_2020.pdf,88,275233,NASDAQ,CRMT,2020,"America'S Car-Mart, Inc."
NASDAQ_CRMT_2021.pdf,92,285571,NASDAQ,CRMT,2021,"America'S Car-Mart, Inc."
NASDAQ_CRMT_2022.pdf,92,290477,NASDAQ,CRMT,2022,"America'S Car-Mart, Inc."
NASDAQ_DBVT_2017.pdf,307,899165,NASDAQ,DBVT,2017,Dbv Technologies S.A.
NASDAQ_DBVT_2018.pdf,280,925914,NASDAQ,DBVT,2018,Dbv Technologies S.A.
NASDAQ_DBVT_2019.pdf,302,1052303,NASDAQ,DBVT,2019,Dbv Technologies S.A.
NASDAQ_DBVT_2020.pdf,273,894032,NASDAQ,DBVT,2020,Dbv Technologies S.A.
NASDAQ_DBVT_2021.pdf,158,559391,NASDAQ,DBVT,2021,Dbv Technologies S.A.
NASDAQ_DDD_2017.pdf,91,339086,NASDAQ,DDD,2017,3D Systems Corporation
NASDAQ_DDD_2018.pdf,87,293775,NASDAQ,DDD,2018,3D Systems Corporation
NASDAQ_DDD_2019.pdf,88,304011,NASDAQ,DDD,2019,3D Systems Corporation
NASDAQ_DDD_2020.pdf,193,567664,NASDAQ,DDD,2020,3D Systems Corporation
NASDAQ_DDD_2021.pdf,289,898191,NASDAQ,DDD,2021,3D Systems Corporation
NASDAQ_DOO_2018.pdf,16,29062,NASDAQ,DOO,2018,"Bombardier Recreational Products, Inc."
NASDAQ_DOO_2019.pdf,24,39895,NASDAQ,DOO,2019,"Bombardier Recreational Products, Inc."
NASDAQ_DOO_2020.pdf,36,54211,NASDAQ,DOO,2020,"Bombardier Recreational Products, Inc."
NASDAQ_DOO_2021.pdf,32,51265,NASDAQ,DOO,2021,"Bombardier Recreational Products, Inc."
NASDAQ_EGHT_2019.pdf,112,386690,NASDAQ,EGHT,2019,"8X8, Inc."
NASDAQ_EGHT_2020.pdf,106,421298,NASDAQ,EGHT,2020,"8X8, Inc."
NASDAQ_EGHT_2021.pdf,99,356388,NASDAQ,EGHT,2021,"8X8, Inc."
NASDAQ_EGHT_2022.pdf,84,337575,NASDAQ,EGHT,2022,"8X8, Inc."
NASDAQ_ERI_2020.pdf,261,777009,NASDAQ,ERI,2020," Caesars Entertainment, Inc."
NASDAQ_ETNB_2019.pdf,185,660925,NASDAQ,ETNB,2019,"89Bio, Inc."
NASDAQ_ETNB_2020.pdf,101,359310,NASDAQ,ETNB,2020,"89Bio, Inc."
NASDAQ_ETNB_2021.pdf,102,361476,NASDAQ,ETNB,2021,"89Bio, Inc."
NASDAQ_FLWS_2019.pdf,79,216577,NASDAQ,FLWS,2019,"1-800-Flowers.Com, Inc."
NASDAQ_FLWS_2020.pdf,79,212261,NASDAQ,FLWS,2020,"1-800-Flowers.Com, Inc."
NASDAQ_FLWS_2021.pdf,79,227091,NASDAQ,FLWS,2021,"1-800-Flowers.Com, Inc."
NASDAQ_FLWS_2022.pdf,100,340869,NASDAQ,FLWS,2022,"1-800-Flowers.Com, Inc."
NASDAQ_FOLD_2019.pdf,67,527549,NASDAQ,FOLD,2019,"Amicus Therapeutics, Inc."
NASDAQ_FOLD_2020.pdf,144,530800,NASDAQ,FOLD,2020,"Amicus Therapeutics, Inc."
NASDAQ_FOLD_2021.pdf,138,496860,NASDAQ,FOLD,2021,"Amicus Therapeutics, Inc."
NASDAQ_FOLD_2022.pdf,140,496093,NASDAQ,FOLD,2022,"Amicus Therapeutics, Inc."
NASDAQ_FUV_2019.pdf,72,239378,NASDAQ,FUV,2019,"Arcimoto, Inc."
NASDAQ_FUV_2020.pdf,43,244744,NASDAQ,FUV,2020,"Arcimoto, Inc."
NASDAQ_FUV_2021.pdf,53,300277,NASDAQ,FUV,2021,"Arcimoto, Inc."
NASDAQ_FUV_2022.pdf,91,308267,NASDAQ,FUV,2022,"Arcimoto, Inc."
NASDAQ_GPP_2018.pdf,110,423152,NASDAQ,GPP,2018,Green Plains Partners Lp 
NASDAQ_GPP_2019.pdf,114,438529,NASDAQ,GPP,2019,Green Plains Partners Lp 
NASDAQ_GPP_2020.pdf,104,382768,NASDAQ,GPP,2020,Green Plains Partners Lp 
NASDAQ_GPP_2021.pdf,91,343137,NASDAQ,GPP,2021,Green Plains Partners Lp 
NASDAQ_HURC_2019.pdf,104,621031,NASDAQ,HURC,2019,"Hurco Companies, Inc."
NASDAQ_HURC_2020.pdf,124,830905,NASDAQ,HURC,2020,"Hurco Companies, Inc."
NASDAQ_HURC_2021.pdf,116,607712,NASDAQ,HURC,2021,"Hurco Companies, Inc."
NASDAQ_HURC_2022.pdf,112,593633,NASDAQ,HURC,2022,"Hurco Companies, Inc."
NASDAQ_IBCP_2016.pdf,100,390173,NASDAQ,IBCP,2016,Independent Bank Corporation
NASDAQ_IBCP_2017.pdf,103,386797,NASDAQ,IBCP,2017,Independent Bank Corporation
NASDAQ_IBCP_2018.pdf,104,397744,NASDAQ,IBCP,2018,Independent Bank Corporation
NASDAQ_IBCP_2019.pdf,104,383964,NASDAQ,IBCP,2019,Independent Bank Corporation
NASDAQ_IBCP_2020.pdf,141,458136,NASDAQ,IBCP,2020,Independent Bank Corporation
NASDAQ_IBTX_2015.pdf,144,467724,NASDAQ,IBTX,2015,"Independent Bank Group, Inc."
NASDAQ_IBTX_2016.pdf,142,488682,NASDAQ,IBTX,2016,"Independent Bank Group, Inc."
NASDAQ_IBTX_2017.pdf,180,606936,NASDAQ,IBTX,2017,"Independent Bank Group, Inc."
NASDAQ_IBTX_2018.pdf,156,539137,NASDAQ,IBTX,2018,"Independent Bank Group, Inc."
NASDAQ_IBTX_2020.pdf,160,544602,NASDAQ,IBTX,2020,"Independent Bank Group, Inc."
NASDAQ_ICUI_2016.pdf,91,305693,NASDAQ,ICUI,2016,"Icu Medical, Inc."
NASDAQ_ICUI_2017.pdf,106,338682,NASDAQ,ICUI,2017,"Icu Medical, Inc."
NASDAQ_ICUI_2018.pdf,114,381674,NASDAQ,ICUI,2018,"Icu Medical, Inc."
NASDAQ_ICUI_2019.pdf,110,378680,NASDAQ,ICUI,2019,"Icu Medical, Inc."
NASDAQ_ICUI_2020.PDF,106,375944,NASDAQ,ICUI,2020,"Icu Medical, Inc."
NASDAQ_INDB_2015.pdf,8,13898,NASDAQ,INDB,2015,Independent Bank Corp.
NASDAQ_INDB_2016.pdf,8,13603,NASDAQ,INDB,2016,Independent Bank Corp.
NASDAQ_INDB_2017.pdf,8,14650,NASDAQ,INDB,2017,Independent Bank Corp.
NASDAQ_INDB_2018.pdf,12,18943,NASDAQ,INDB,2018,Independent Bank Corp.
NASDAQ_INDB_2019.pdf,20,20638,NASDAQ,INDB,2019,Independent Bank Corp.
NASDAQ_INGN_2016.pdf,142,648375,NASDAQ,INGN,2016,"Inogen, Inc."
NASDAQ_INGN_2017.pdf,138,623509,NASDAQ,INGN,2017,"Inogen, Inc."
NASDAQ_INGN_2018.pdf,136,584142,NASDAQ,INGN,2018,"Inogen, Inc."
NASDAQ_INGN_2019.pdf,140,638997,NASDAQ,INGN,2019,"Inogen, Inc."
NASDAQ_INGN_2020.pdf,146,677699,NASDAQ,INGN,2020,"Inogen, Inc."
NASDAQ_INSM_2016.pdf,237,715346,NASDAQ,INSM,2016,Insmed Incorporated
NASDAQ_INSM_2017.pdf,220,724001,NASDAQ,INSM,2017,Insmed Incorporated
NASDAQ_INSM_2018.pdf,115,499894,NASDAQ,INSM,2018,Insmed Incorporated
NASDAQ_INSM_2019.pdf,64,454924,NASDAQ,INSM,2019,Insmed Incorporated
NASDAQ_INSM_2020.pdf,64,477510,NASDAQ,INSM,2020,Insmed Incorporated
NASDAQ_INSY_2015.pdf,149,573057,NASDAQ,INSY,2015," Insys Therapeutics, Inc."
NASDAQ_INSY_2016.pdf,146,542692,NASDAQ,INSY,2016," Insys Therapeutics, Inc."
NASDAQ_INSY_2017.pdf,161,611420,NASDAQ,INSY,2017," Insys Therapeutics, Inc."
NASDAQ_INSY_2018.pdf,159,626619,NASDAQ,INSY,2018," Insys Therapeutics, Inc."
NASDAQ_IOSP_2016.pdf,112,271756,NASDAQ,IOSP,2016,Innospec Inc.
NASDAQ_IOSP_2017.pdf,114,269648,NASDAQ,IOSP,2017,Innospec Inc.
NASDAQ_IOSP_2018.pdf,115,265670,NASDAQ,IOSP,2018,Innospec Inc.
NASDAQ_IOSP_2019.pdf,131,310848,NASDAQ,IOSP,2019,Innospec Inc.
NASDAQ_IOSP_2020.pdf,121,274967,NASDAQ,IOSP,2020,Innospec Inc.
NASDAQ_ISBC_2016.pdf,229,742337,NASDAQ,ISBC,2016," Investors Bancorp, Inc."
NASDAQ_ISBC_2017.pdf,225,746463,NASDAQ,ISBC,2017," Investors Bancorp, Inc."
NASDAQ_ISBC_2018.pdf,232,765064,NASDAQ,ISBC,2018," Investors Bancorp, Inc."
NASDAQ_ISBC_2019.pdf,235,754803,NASDAQ,ISBC,2019," Investors Bancorp, Inc."
NASDAQ_ISBC_2020.pdf,154,575163,NASDAQ,ISBC,2020," Investors Bancorp, Inc."
NASDAQ_ITCI_2016.pdf,141,482264,NASDAQ,ITCI,2016,"Intra-Cellular Therapies, Inc."
NASDAQ_ITCI_2017.pdf,133,482655,NASDAQ,ITCI,2017,"Intra-Cellular Therapies, Inc."
NASDAQ_ITCI_2018.pdf,134,486477,NASDAQ,ITCI,2018,"Intra-Cellular Therapies, Inc."
NASDAQ_ITCI_2019.pdf,152,528769,NASDAQ,ITCI,2019,"Intra-Cellular Therapies, Inc."
NASDAQ_ITCI_2020.pdf,130,467379,NASDAQ,ITCI,2020,"Intra-Cellular Therapies, Inc."
NASDAQ_JFU_2019.pdf,339,1260034,NASDAQ,JFU,2019,9F Inc.
NASDAQ_JFU_2020.pdf,301,1013219,NASDAQ,JFU,2020,9F Inc.
NASDAQ_JFU_2021.pdf,226,929451,NASDAQ,JFU,2021,9F Inc.
NASDAQ_JOBS_2015.pdf,121,558298,NASDAQ,JOBS,2015,"51Job, Inc."
NASDAQ_JOBS_2016.pdf,137,539701,NASDAQ,JOBS,2016,"51Job, Inc."
NASDAQ_JOBS_2017.pdf,203,699383,NASDAQ,JOBS,2017,"51Job, Inc."
NASDAQ_JOBS_2018.pdf,146,597329,NASDAQ,JOBS,2018,"51Job, Inc."
NASDAQ_JOBS_2019.pdf,180,699852,NASDAQ,JOBS,2019,"51Job, Inc."
NASDAQ_KERN_2019.pdf,72,263211,NASDAQ,KERN,2019, Akerna Corp.
NASDAQ_KERN_2020.pdf,73,326758,NASDAQ,KERN,2020, Akerna Corp.
NASDAQ_KERN_2021.pdf,107,428070,NASDAQ,KERN,2021, Akerna Corp.
NASDAQ_KRKR_2019.pdf,196,781757,NASDAQ,KRKR,2019,36Kr Holdings Inc.
NASDAQ_KRKR_2020.pdf,224,765150,NASDAQ,KRKR,2020,36Kr Holdings Inc.
NASDAQ_KRKR_2021.pdf,289,898191,NASDAQ,KRKR,2021,36Kr Holdings Inc.
NASDAQ_KRKR_2022.pdf,249,818013,NASDAQ,KRKR,2022,36Kr Holdings Inc.
NASDAQ_MDRX_2018.pdf,127,529724,NASDAQ,MDRX,2018,Veradigm Inc.
NASDAQ_MDRX_2019.pdf,127,518150,NASDAQ,MDRX,2019,Veradigm Inc.
NASDAQ_MDRX_2020.pdf,197,741776,NASDAQ,MDRX,2020,Veradigm Inc.
NASDAQ_MDRX_2021.pdf,104,442017,NASDAQ,MDRX,2021,Veradigm Inc.
NASDAQ_MPWR_2016.pdf,92,358101,NASDAQ,MPWR,2016,"Monolithic Power Systems, Inc."
NASDAQ_MPWR_2017.pdf,90,346698,NASDAQ,MPWR,2017,"Monolithic Power Systems, Inc."
NASDAQ_MPWR_2018.pdf,86,335459,NASDAQ,MPWR,2018,"Monolithic Power Systems, Inc."
NASDAQ_MPWR_2019.pdf,83,309335,NASDAQ,MPWR,2019,"Monolithic Power Systems, Inc."
NASDAQ_MPWR_2020.pdf,87,324588,NASDAQ,MPWR,2020,"Monolithic Power Systems, Inc."
NASDAQ_MSTR_2016.pdf,108,386082,NASDAQ,MSTR,2016,Microstrategy Incorporated
NASDAQ_MSTR_2017.pdf,112,401305,NASDAQ,MSTR,2017,Microstrategy Incorporated
NASDAQ_MSTR_2018.pdf,95,334480,NASDAQ,MSTR,2018,Microstrategy Incorporated
NASDAQ_MSTR_2019.pdf,95,322562,NASDAQ,MSTR,2019,Microstrategy Incorporated
NASDAQ_MSTR_2020.pdf,103,357766,NASDAQ,MSTR,2020,Microstrategy Incorporated
NASDAQ_NCLH_2016.pdf,106,438715,NASDAQ,NCLH,2016,Norwegian Cruise Line Holdings Ltd.
NASDAQ_NCLH_2017.pdf,104,391633,NASDAQ,NCLH,2017,Norwegian Cruise Line Holdings Ltd.
NASDAQ_NCLH_2018.pdf,122,404218,NASDAQ,NCLH,2018,Norwegian Cruise Line Holdings Ltd.
NASDAQ_NCLH_2019.pdf,129,415882,NASDAQ,NCLH,2019,Norwegian Cruise Line Holdings Ltd.
NASDAQ_NCLH_2020.pdf,148,524437,NASDAQ,NCLH,2020,Norwegian Cruise Line Holdings Ltd.
NASDAQ_NMTR_2017.pdf,493,1356336,NASDAQ,NMTR,2017," 9 Meters Biopharma, Inc."
NASDAQ_NMTR_2018.pdf,119,465915,NASDAQ,NMTR,2018," 9 Meters Biopharma, Inc."
NASDAQ_NMTR_2019.pdf,163,631994,NASDAQ,NMTR,2019," 9 Meters Biopharma, Inc."
NASDAQ_NMTR_2020.pdf,124,463673,NASDAQ,NMTR,2020," 9 Meters Biopharma, Inc."
NASDAQ_NMTR_2021.pdf,125,460195,NASDAQ,NMTR,2021," 9 Meters Biopharma, Inc."
NASDAQ_NTLA_2018.pdf,151,600689,NASDAQ,NTLA,2018,"Intellia Therapeutics, Inc."
NASDAQ_NTLA_2019.pdf,163,662739,NASDAQ,NTLA,2019,"Intellia Therapeutics, Inc."
NASDAQ_NTLA_2020.pdf,144,547959,NASDAQ,NTLA,2020,"Intellia Therapeutics, Inc."
NASDAQ_NTLA_2021.pdf,156,648926,NASDAQ,NTLA,2021,"Intellia Therapeutics, Inc."
NASDAQ_PIH_2015.pdf,84,319825,NASDAQ,PIH,2015,"1347 Property Insurance Holdings, Inc. "
NASDAQ_PIH_2016.pdf,92,315388,NASDAQ,PIH,2016,"1347 Property Insurance Holdings, Inc. "
NASDAQ_PIH_2017.pdf,102,393409,NASDAQ,PIH,2017,"1347 Property Insurance Holdings, Inc. "
NASDAQ_PODD_2016.pdf,193,619107,NASDAQ,PODD,2016,Insulet Corporation
NASDAQ_PODD_2017.pdf,110,372376,NASDAQ,PODD,2017,Insulet Corporation
NASDAQ_PODD_2018.pdf,93,359166,NASDAQ,PODD,2018,Insulet Corporation
NASDAQ_PODD_2019.pdf,84,326350,NASDAQ,PODD,2019,Insulet Corporation
NASDAQ_PODD_2020.pdf,88,334851,NASDAQ,PODD,2020,Insulet Corporation
NASDAQ_PRTK_2015.pdf,3,8225,NASDAQ,PRTK,2015," Paratek Pharmaceuticals, Inc."
NASDAQ_PRTK_2016.pdf,443,1435701,NASDAQ,PRTK,2016," Paratek Pharmaceuticals, Inc."
NASDAQ_PRTK_2017.pdf,235,776988,NASDAQ,PRTK,2017," Paratek Pharmaceuticals, Inc."
NASDAQ_PRTK_2018.pdf,146,615732,NASDAQ,PRTK,2018," Paratek Pharmaceuticals, Inc."
NASDAQ_PRTK_2019.pdf,224,796707,NASDAQ,PRTK,2019," Paratek Pharmaceuticals, Inc."
NASDAQ_QFIN_2018.pdf,252,821754,NASDAQ,QFIN,2018,"Qifu Technology, Inc."
NASDAQ_QFIN_2019.pdf,234,867724,NASDAQ,QFIN,2019,"Qifu Technology, Inc."
NASDAQ_QFIN_2020.pdf,218,807669,NASDAQ,QFIN,2020,"Qifu Technology, Inc."
NASDAQ_RKDA_2019.pdf,121,430063,NASDAQ,RKDA,2019,"Arcadia Biosciences, Inc."
NASDAQ_RKDA_2020.pdf,94,312775,NASDAQ,RKDA,2020,"Arcadia Biosciences, Inc."
NASDAQ_RKDA_2021.pdf,101,326046,NASDAQ,RKDA,2021,"Arcadia Biosciences, Inc."
NASDAQ_RKDA_2022.pdf,94,288801,NASDAQ,RKDA,2022,"Arcadia Biosciences, Inc."
NASDAQ_SRCE_2019.pdf,104,419592,NASDAQ,SRCE,2019,1St Source Corporation
NASDAQ_SRCE_2020.pdf,116,467174,NASDAQ,SRCE,2020,1St Source Corporation
NASDAQ_SRCE_2021.pdf,112,458408,NASDAQ,SRCE,2021,1St Source Corporation
NASDAQ_SRCE_2022.pdf,112,445663,NASDAQ,SRCE,2022,1St Source Corporation
NASDAQ_TTOO_2016.pdf,399,1292553,NASDAQ,TTOO,2016,"T2 Biosystems, Inc."
NASDAQ_TTOO_2017.pdf,345,1333507,NASDAQ,TTOO,2017,"T2 Biosystems, Inc."
NASDAQ_TTOO_2018.pdf,120,536026,NASDAQ,TTOO,2018,"T2 Biosystems, Inc."
NASDAQ_TTOO_2019.pdf,147,656763,NASDAQ,TTOO,2019,"T2 Biosystems, Inc."
NASDAQ_TTOO_2020.pdf,155,676464,NASDAQ,TTOO,2020,"T2 Biosystems, Inc."
NASDAQ_TTS_2018.pdf,91,331517,NASDAQ,TTS,2018,"Tile Shop Holdings, Inc."
NASDAQ_TTS_2019.pdf,77,274921,NASDAQ,TTS,2019,"Tile Shop Holdings, Inc."
NASDAQ_TTS_2020.pdf,120,424189,NASDAQ,TTS,2020,"Tile Shop Holdings, Inc."
NASDAQ_TTS_2021.pdf,80,313884,NASDAQ,TTS,2021,"Tile Shop Holdings, Inc."
NASDAQ_TWOU_2019.pdf,72,421461,NASDAQ,TWOU,2019,"2U, Inc."
NASDAQ_TWOU_2020.pdf,120,438159,NASDAQ,TWOU,2020,"2U, Inc."
NASDAQ_TWOU_2021.pdf,128,478766,NASDAQ,TWOU,2021,"2U, Inc."
NASDAQ_TWOU_2022.pdf,136,1992961,NASDAQ,TWOU,2022,"2U, Inc."
NASDAQ_TXG_2019.pdf,152,559992,NASDAQ,TXG,2019,"10X Genomics, Inc."
NASDAQ_TXG_2020.pdf,325,1222845,NASDAQ,TXG,2020,"10X Genomics, Inc."
NASDAQ_TXG_2021.pdf,152,652928,NASDAQ,TXG,2021,"10X Genomics, Inc."
NASDAQ_UHAL_2018.pdf,132,394358,NASDAQ,UHAL,2018,U-Haul Holding Company
NASDAQ_UHAL_2019.PDF,139,399400,NASDAQ,UHAL,2019,U-Haul Holding Company
NASDAQ_UHAL_2020.pdf,140,420893,NASDAQ,UHAL,2020,U-Haul Holding Company
NASDAQ_UHAL_2021.pdf,136,405650,NASDAQ,UHAL,2021,U-Haul Holding Company
NASDAQ_VNET_2015.pdf,224,797483,NASDAQ,VNET,2015,"Vnet Group, Inc."
NASDAQ_VNET_2016.pdf,367,1173521,NASDAQ,VNET,2016,"Vnet Group, Inc."
NASDAQ_VNET_2017.pdf,256,824087,NASDAQ,VNET,2017,"Vnet Group, Inc."
NASDAQ_VNET_2018.pdf,233,814171,NASDAQ,VNET,2018,"Vnet Group, Inc."
NASDAQ_VNET_2019.pdf,483,1460182,NASDAQ,VNET,2019,"Vnet Group, Inc."
NASDAQ_XENT_2015.pdf,156,480612,NASDAQ,XENT,2015,"Intersect Ent, Inc."
NASDAQ_XENT_2017.pdf,172,534805,NASDAQ,XENT,2017,"Intersect Ent, Inc."
NASDAQ_XENT_2018.pdf,104,337277,NASDAQ,XENT,2018,"Intersect Ent, Inc."
NASDAQ_XENT_2019.pdf,112,358749,NASDAQ,XENT,2019,"Intersect Ent, Inc."
NASDAQ_XENT_2020.pdf,108,429894,NASDAQ,XENT,2020,"Intersect Ent, Inc."
NASDAQ_XLRN_2017.pdf,114,1717627,NASDAQ,XLRN,2017,"Acceleron Pharma, Inc."
NASDAQ_XLRN_2018.pdf,114,458472,NASDAQ,XLRN,2018,"Acceleron Pharma, Inc."
NASDAQ_XLRN_2019.pdf,122,467377,NASDAQ,XLRN,2019,"Acceleron Pharma, Inc."
NASDAQ_XLRN_2020.pdf,122,498655,NASDAQ,XLRN,2020,"Acceleron Pharma, Inc."
NASDAQ_YI_2018.pdf,171,685073,NASDAQ,YI,2018,"111, Inc."
NASDAQ_YI_2019.pdf,213,790956,NASDAQ,YI,2019,"111, Inc."
NASDAQ_YI_2020.pdf,316,911298,NASDAQ,YI,2020,"111, Inc."
NASDAQ_YI_2021.pdf,189,762435,NASDAQ,YI,2021,"111, Inc."
NYSE_AI_2019.pdf,139,577161,NYSE,AI,2019,Arlington Asset Investment Corp.
TSX_DOO_2017.pdf,20,34209,TSX,DOO,2017,"Bombardier Recreational Products, Inc."
